date,Children apprehended and placed in CBP custody*,Children in CBP custody,Children transferred out of CBP custody,Children in HHS Care,Children discharged from HHS Care,flag_transfer_error,flag_discharge_error,anomaly_flag,total_system_load,net_intake,care_load_growth_rate,backlog_indicator,load_7d_avg,load_14d_avg,volatility,high_strain,discharge_offset_ratio
2023-01-12,33.0,53.0,34.0,6566.0,436.0,False,False,False,6619.0,-402.0,,,,,,False,12.823529411764707
2023-01-13,33.0,53.0,34.0,6566.0,436.0,False,False,False,6619.0,-402.0,0.0,,,,,False,12.823529411764707
2023-01-14,33.0,53.0,34.0,6566.0,436.0,False,False,False,6619.0,-402.0,0.0,,,,,False,12.823529411764707
2023-01-15,33.0,53.0,34.0,6566.0,436.0,False,False,False,6619.0,-402.0,0.0,,,,,False,12.823529411764707
2023-01-16,33.0,53.0,34.0,6566.0,436.0,False,False,False,6619.0,-402.0,0.0,,,,,False,12.823529411764707
2023-01-17,33.0,53.0,34.0,6566.0,436.0,False,False,False,6619.0,-402.0,0.0,,,,,False,12.823529411764707
2023-01-18,33.0,53.0,34.0,6566.0,436.0,False,False,False,6619.0,-402.0,0.0,-2814.0,6619.0,,0.0,False,12.823529411764707
2023-01-19,33.0,53.0,34.0,6566.0,436.0,False,False,False,6619.0,-402.0,0.0,-2814.0,6619.0,,0.0,False,12.823529411764707
2023-01-20,33.0,53.0,34.0,6566.0,436.0,False,False,False,6619.0,-402.0,0.0,-2814.0,6619.0,,0.0,False,12.823529411764707
2023-01-21,33.0,53.0,34.0,6566.0,436.0,False,False,False,6619.0,-402.0,0.0,-2814.0,6619.0,,0.0,False,12.823529411764707
2023-01-22,32.0,49.0,39.0,7122.0,227.0,False,False,False,7171.0,-188.0,0.08467864757843446,-2600.0,6697.857142857143,,208.63638910109339,False,5.82051282051282
2023-01-23,32.0,50.0,39.0,7280.0,181.0,False,False,False,7330.0,-142.0,0.02218477955630438,-2340.0,6799.428571428572,,311.54018314542617,False,4.641025641025641
2023-01-24,47.0,42.0,47.0,7433.0,175.0,True,False,True,7475.0,-128.0,0.021016483516483442,-2066.0,6921.714285714285,,387.6229758780708,False,3.723404255319149
2023-01-25,20.0,22.0,41.0,7538.0,180.0,True,False,True,7560.0,-139.0,0.01412619399973103,-1803.0,7056.142857142857,6837.571428571428,426.3771525193116,False,4.390243902439025
2023-01-26,20.0,22.0,41.0,7538.0,180.0,True,False,True,7560.0,-139.0,0.0,-1540.0,7190.571428571428,6904.785714285715,413.73617082341156,False,4.390243902439025
2023-01-27,20.0,22.0,41.0,7538.0,180.0,True,False,True,7560.0,-139.0,0.0,-1277.0,7325.0,6972.0,344.0813857214601,False,4.390243902439025
2023-01-28,20.0,22.0,41.0,7538.0,180.0,True,False,True,7560.0,-139.0,0.0,-1014.0,7459.428571428572,7039.214285714285,153.10329535192645,False,4.390243902439025
2023-01-29,23.0,45.0,11.0,7472.0,303.0,False,False,False,7517.0,-292.0,-0.008755638100291896,-1118.0,7508.857142857143,7103.357142857143,85.3081249968393,False,27.545454545454547
2023-01-30,34.0,54.0,29.0,7743.0,196.0,False,False,False,7797.0,-167.0,0.03626873661670227,-1143.0,7575.571428571428,7187.5,102.91235290747424,False,6.758620689655173
2023-01-31,26.0,36.0,36.0,7803.0,158.0,False,False,False,7839.0,-122.0,0.007748934521503381,-1137.0,7627.571428571428,7274.642857142857,131.59135881312983,False,4.388888888888889
2023-02-01,25.0,32.0,27.0,7903.0,231.0,False,False,False,7935.0,-204.0,0.01281558374983982,-1202.0,7681.142857142857,7368.642857142857,170.1738606753195,False,8.555555555555555
2023-02-02,15.0,13.0,23.0,7879.0,298.0,True,False,True,7892.0,-275.0,-0.003036821460205008,-1338.0,7728.571428571428,7459.571428571428,176.9150993582871,False,12.956521739130435
2023-02-03,15.0,13.0,23.0,7879.0,298.0,True,False,True,7892.0,-275.0,0.0,-1474.0,7776.0,7550.5,168.49332330985783,False,12.956521739130435
2023-02-04,15.0,13.0,23.0,7879.0,298.0,True,False,True,7892.0,-275.0,0.0,-1610.0,7823.428571428572,7641.428571428572,142.2402394341562,False,12.956521739130435
2023-02-05,16.0,18.0,15.0,7586.0,342.0,False,False,False,7604.0,-327.0,-0.03718746033760634,-1645.0,7835.857142857143,7672.357142857143,111.47709566158984,False,22.8
2023-02-06,11.0,22.0,12.0,7720.0,196.0,False,False,False,7742.0,-184.0,0.017664118112312055,-1662.0,7828.0,7701.785714285715,116.49749639656228,False,16.333333333333332
2023-02-07,16.0,20.0,20.0,7855.0,200.0,False,False,False,7875.0,-180.0,0.017487046632124414,-1720.0,7833.142857142857,7730.357142857143,117.85079347976365,False,10.0
2023-02-08,93.0,196.0,169.0,7915.0,317.0,False,False,False,8111.0,-148.0,0.007638446849140612,-1664.0,7858.285714285715,7769.714285714285,155.85111943316878,False,1.8757396449704142
2023-02-09,124.0,234.0,161.0,7908.0,353.0,False,False,False,8142.0,-192.0,-0.0008843967150978793,-1581.0,7894.0,7811.285714285715,189.80955367596002,False,2.1925465838509317
2023-02-10,124.0,234.0,161.0,7908.0,353.0,False,False,False,8142.0,-192.0,0.0,-1498.0,7929.714285714285,7852.857142857143,211.6354682669519,False,2.1925465838509317
2023-02-11,124.0,234.0,161.0,7908.0,353.0,False,False,False,8142.0,-192.0,0.0,-1415.0,7965.428571428572,7894.428571428572,224.88949667400303,False,2.1925465838509317
2023-02-12,92.0,203.0,173.0,7434.0,317.0,False,False,False,7637.0,-144.0,-0.05993930197268593,-1232.0,7970.142857142857,7903.0,216.22937556480053,False,1.8323699421965318
2023-02-13,186.0,259.0,172.0,7483.0,244.0,False,False,False,7742.0,-72.0,0.006591337099811634,-1120.0,7970.142857142857,7899.071428571428,216.22937556480053,False,1.4186046511627908
2023-02-14,154.0,225.0,220.0,7794.0,223.0,False,False,False,8019.0,-3.0,0.041560871308298886,-943.0,7990.714285714285,7911.928571428572,212.4866382353776,False,1.0136363636363637
2023-02-15,91.0,199.0,172.0,7869.0,290.0,False,False,False,8068.0,-118.0,0.009622786759045487,-913.0,7984.571428571428,7921.428571428572,209.02301080890547,False,1.686046511627907
2023-02-16,81.0,213.0,153.0,7793.0,361.0,False,False,False,8006.0,-208.0,-0.009658152242978724,-929.0,7965.142857142857,7929.571428571428,197.98015773592957,False,2.3594771241830066
2023-02-17,81.0,213.0,153.0,7793.0,361.0,False,False,False,8006.0,-208.0,0.0,-945.0,7945.714285714285,7937.714285714285,183.904607777797,False,2.3594771241830066
2023-02-18,81.0,213.0,153.0,7793.0,361.0,False,False,False,8006.0,-208.0,0.0,-961.0,7926.285714285715,7945.857142857143,166.0268194054962,False,2.3594771241830066
2023-02-19,81.0,213.0,153.0,7793.0,361.0,False,False,False,8006.0,-208.0,0.0,-1025.0,7979.0,7974.571428571428,106.93144221104527,False,2.3594771241830066
2023-02-20,209.0,285.0,184.0,7817.0,209.0,False,False,False,8102.0,-25.0,0.0030796868984985792,-978.0,8030.428571428572,8000.285714285715,38.84094550368451,False,1.1358695652173914
2023-02-21,184.0,314.0,217.0,7967.0,213.0,False,False,False,8281.0,4.0,0.019188947166432158,-971.0,8067.857142857143,8029.285714285715,101.57169647008443,False,0.9815668202764977
2023-02-22,107.0,215.0,230.0,7978.0,232.0,True,False,True,8193.0,-2.0,0.00138069536839458,-855.0,8085.714285714285,8035.142857142857,112.04867139732775,False,1.008695652173913
2023-02-23,101.0,162.0,178.0,7914.0,386.0,True,False,True,8076.0,-208.0,-0.008022060666833752,-855.0,8095.714285714285,8030.428571428572,106.74691921505935,False,2.168539325842697
2023-02-24,101.0,162.0,178.0,7914.0,386.0,True,False,True,8076.0,-208.0,0.0,-855.0,8105.714285714285,8025.714285714285,100.0078568342165,False,2.168539325842697
2023-02-25,101.0,162.0,178.0,7914.0,386.0,True,False,True,8076.0,-208.0,0.0,-855.0,8115.714285714285,8021.0,91.5145057458464,False,2.168539325842697
2023-02-26,99.0,190.0,176.0,7609.0,323.0,False,False,False,7799.0,-147.0,-0.03853929744756124,-794.0,8086.142857142857,8032.571428571428,148.54789190856184,False,1.8352272727272727
2023-02-27,167.0,239.0,166.0,7800.0,248.0,False,False,False,8039.0,-82.0,0.02510185306873436,-851.0,8077.142857142857,8053.785714285715,149.33343962581762,False,1.4939759036144578
2023-02-28,115.0,216.0,169.0,7896.0,200.0,False,False,False,8112.0,-31.0,0.012307692307692353,-886.0,8053.0,8060.428571428572,122.05190152827616,False,1.183431952662722
2023-03-01,84.0,158.0,193.0,7930.0,307.0,True,False,True,8088.0,-114.0,0.004305977710233,-998.0,8038.0,8061.857142857143,107.57168152756525,False,1.5906735751295338
2023-03-02,130.0,227.0,192.0,7870.0,335.0,False,False,False,8097.0,-143.0,-0.007566204287515754,-933.0,8041.0,8068.357142857143,109.09017676522456,False,1.7447916666666667
2023-03-03,130.0,227.0,192.0,7870.0,335.0,False,False,False,8097.0,-143.0,0.0,-868.0,8044.0,8074.857142857143,110.49283536351106,False,1.7447916666666667
2023-03-04,130.0,227.0,192.0,7870.0,335.0,False,False,False,8097.0,-143.0,0.0,-803.0,8047.0,8081.357142857143,111.78401793936368,False,1.7447916666666667
2023-03-05,130.0,227.0,192.0,7870.0,335.0,False,False,False,8097.0,-143.0,0.0,-799.0,8089.571428571428,8087.857142857143,23.394138460035037,False,1.7447916666666667
2023-03-06,130.0,227.0,192.0,7870.0,335.0,False,False,False,8097.0,-143.0,0.0,-860.0,8097.857142857143,8087.5,7.081162132340362,False,1.7447916666666667
2023-03-07,88.0,214.0,160.0,7859.0,259.0,False,False,False,8073.0,-99.0,-0.0013977128335450617,-928.0,8092.285714285715,8072.642857142857,9.141741003387747,False,1.61875
2023-03-08,113.0,208.0,159.0,7885.0,291.0,False,False,False,8093.0,-132.0,0.0033083089451584335,-946.0,8093.0,8065.5,8.944271910088464,False,1.830188679245283
2023-03-09,174.0,285.0,150.0,7786.0,340.0,False,False,False,8071.0,-190.0,-0.012555485098287855,-993.0,8089.285714285715,8065.142857142857,11.91237851591099,False,2.2666666666666666
2023-03-10,174.0,285.0,150.0,7786.0,340.0,False,False,False,8071.0,-190.0,0.0,-1040.0,8085.571428571428,8064.785714285715,13.10034532447921,False,2.2666666666666666
2023-03-11,174.0,285.0,150.0,7786.0,340.0,False,False,False,8071.0,-190.0,0.0,-1087.0,8081.857142857143,8064.428571428572,13.00549334490604,False,2.2666666666666666
2023-03-12,174.0,285.0,150.0,7786.0,340.0,False,False,False,8071.0,-190.0,0.0,-1134.0,8078.142857142857,8083.857142857143,11.59638695791521,False,2.2666666666666666
2023-03-13,104.0,230.0,206.0,7567.0,249.0,False,False,False,7797.0,-43.0,-0.02812740816850756,-1034.0,8035.285714285715,8066.571428571428,105.38455656264803,False,1.2087378640776698
2023-03-14,147.0,276.0,214.0,7810.0,181.0,False,False,False,8086.0,33.0,0.032113122769922064,-902.0,8037.142857142857,8064.714285714285,106.27076827838124,False,0.8457943925233645
2023-03-15,108.0,220.0,213.0,7915.0,286.0,False,False,False,8135.0,-73.0,0.013444302176696565,-843.0,8043.142857142857,8068.071428571428,111.02916819681863,False,1.3427230046948357
2023-03-16,180.0,280.0,146.0,7989.0,308.0,False,False,False,8269.0,-162.0,0.00934933670246374,-815.0,8071.428571428572,8080.357142857143,140.59380871012962,False,2.1095890410958904
2023-03-17,180.0,280.0,146.0,7989.0,308.0,False,False,False,8269.0,-162.0,0.0,-787.0,8099.714285714285,8092.642857142857,159.18198629840765,False,2.1095890410958904
2023-03-18,180.0,280.0,146.0,7989.0,308.0,False,False,False,8269.0,-162.0,0.0,-759.0,8128.0,8104.928571428572,170.42398109812834,False,2.1095890410958904
2023-03-19,134.0,294.0,186.0,7885.0,306.0,False,False,False,8179.0,-120.0,-0.013017899611966421,-689.0,8143.428571428572,8110.785714285715,169.28856738604952,False,1.6451612903225807
2023-03-20,202.0,313.0,158.0,7931.0,279.0,False,False,False,8244.0,-121.0,0.005833861762840842,-767.0,8207.285714285714,8121.285714285715,74.73222037319162,False,1.7658227848101267
2023-03-21,110.0,272.0,193.0,8050.0,221.0,False,False,False,8322.0,-28.0,0.015004413062665423,-828.0,8241.0,8139.071428571428,63.248188379875494,False,1.145077720207254
2023-03-22,166.0,277.0,229.0,8097.0,246.0,False,False,False,8374.0,-17.0,0.005838509316770102,-772.0,8275.142857142857,8159.142857142857,60.95744026624508,False,1.074235807860262
2023-03-23,136.0,276.0,178.0,8102.0,331.0,False,False,False,8378.0,-153.0,0.0006175126590095559,-763.0,8290.714285714286,8181.071428571428,72.04099362105065,False,1.8595505617977528
2023-03-24,136.0,276.0,178.0,8102.0,331.0,False,False,False,8378.0,-153.0,0.0,-754.0,8306.285714285714,8203.0,78.0912165050702,False,1.8595505617977528
2023-03-25,136.0,276.0,178.0,8102.0,331.0,False,False,False,8378.0,-153.0,0.0,-745.0,8321.857142857143,8224.92857142857,80.25465421901305,False,1.8595505617977528
2023-03-26,87.0,246.0,173.0,7847.0,352.0,False,False,False,8093.0,-179.0,-0.03147371019501355,-804.0,8309.57142857143,8226.5,107.669025479117,False,2.0346820809248554
2023-03-27,84.0,171.0,157.0,7994.0,235.0,False,False,False,8165.0,-78.0,0.01873327386262269,-761.0,8298.285714285714,8252.785714285714,119.20949946169705,False,1.4968152866242037
2023-03-28,167.0,209.0,157.0,8079.0,223.0,False,False,False,8288.0,-66.0,0.010632974731048295,-799.0,8293.42857142857,8267.214285714286,118.77409529981381,False,1.4203821656050954
2023-03-29,109.0,245.0,159.0,8208.0,267.0,False,False,False,8453.0,-108.0,0.01596732268845158,-890.0,8304.714285714286,8289.92857142857,130.8456014873068,False,1.679245283018868
2023-03-30,156.0,256.0,176.0,8158.0,359.0,False,False,False,8414.0,-183.0,-0.006091617933723148,-920.0,8309.857142857143,8300.285714285714,134.85230015519423,False,2.039772727272727
2023-03-31,156.0,256.0,176.0,8158.0,359.0,False,False,False,8414.0,-183.0,0.0,-950.0,8315.0,8310.642857142857,138.52075656739606,False,2.039772727272727
2023-04-01,156.0,256.0,176.0,8158.0,359.0,False,False,False,8414.0,-183.0,0.0,-980.0,8320.142857142857,8321.0,141.87721049254787,False,2.039772727272727
2023-04-02,125.0,232.0,192.0,7981.0,304.0,False,False,False,8213.0,-112.0,-0.02169649423878406,-913.0,8337.285714285714,8323.42857142857,114.45772769269684,False,1.5833333333333333
2023-04-03,118.0,139.0,168.0,8054.0,284.0,True,False,True,8193.0,-116.0,0.009146723468236972,-951.0,8341.285714285714,8319.785714285714,107.72451637661503,False,1.6904761904761905
2023-04-04,142.0,235.0,139.0,8068.0,259.0,False,False,False,8303.0,-120.0,0.0017382666997765028,-1005.0,8343.42857142857,8318.42857142857,106.6315418358467,False,1.8633093525179856
2023-04-05,148.0,245.0,175.0,8175.0,260.0,False,False,False,8420.0,-85.0,0.013262270699057943,-982.0,8338.714285714286,8321.714285714286,101.59021325194468,False,1.4857142857142858
2023-04-06,119.0,219.0,210.0,8178.0,284.0,False,False,False,8397.0,-74.0,0.0003669724770642979,-873.0,8336.285714285714,8323.07142857143,99.6756645086565,False,1.3523809523809525
2023-04-07,119.0,219.0,210.0,8178.0,284.0,False,False,False,8397.0,-74.0,0.0,-764.0,8333.857142857143,8324.42857142857,97.6531763802231,False,1.3523809523809525
2023-04-08,119.0,219.0,210.0,8178.0,284.0,False,False,False,8397.0,-74.0,0.0,-655.0,8331.42857142857,8325.785714285714,95.51589246973397,False,1.3523809523809525
2023-04-09,105.0,210.0,149.0,7900.0,329.0,False,False,False,8110.0,-180.0,-0.033993641477133796,-723.0,8316.714285714286,8327.0,121.26378174009189,False,2.208053691275168
2023-04-10,143.0,203.0,163.0,7826.0,265.0,False,False,False,8029.0,-102.0,-0.009367088607594942,-709.0,8293.285714285714,8317.285714285714,159.09191712730654,False,1.6257668711656441
2023-04-11,119.0,209.0,152.0,7922.0,187.0,False,False,False,8131.0,-35.0,0.012266802964477463,-624.0,8268.714285714286,8306.07142857143,170.2338727415167,False,1.230263157894737
2023-04-12,155.0,212.0,181.0,7876.0,283.0,False,False,False,8088.0,-102.0,-0.005806614491290052,-641.0,8221.285714285714,8280.0,167.28290835759216,False,1.5635359116022098
2023-04-13,109.0,214.0,173.0,7795.0,370.0,False,False,False,8009.0,-197.0,-0.010284408329101047,-764.0,8165.857142857143,8251.07142857143,163.59750260057672,False,2.138728323699422
2023-04-14,109.0,214.0,173.0,7795.0,370.0,False,False,False,8009.0,-197.0,0.0,-887.0,8110.428571428572,8222.142857142857,135.55792998181587,False,2.138728323699422
2023-04-15,109.0,214.0,173.0,7795.0,370.0,False,False,False,8009.0,-197.0,0.0,-1010.0,8055.0,8193.214285714286,53.094255809853465,False,2.138728323699422
2023-04-16,191.0,283.0,192.0,7380.0,272.0,False,False,False,7663.0,-80.0,-0.0532392559332906,-910.0,7991.142857142857,8153.928571428572,152.21084999810165,False,1.4166666666666667
2023-04-17,170.0,297.0,196.0,7344.0,248.0,False,False,False,7641.0,-52.0,-0.004878048780487809,-860.0,7935.714285714285,8114.5,199.44482468903405,False,1.2653061224489797
2023-04-18,152.0,272.0,214.0,7376.0,234.0,False,False,False,7648.0,-20.0,0.004357298474945592,-845.0,7866.714285714285,8067.714285714285,204.1181963844458,False,1.0934579439252337
2023-04-19,239.0,367.0,224.0,7356.0,229.0,False,False,False,7723.0,-5.0,-0.0027114967462038564,-748.0,7814.571428571428,8017.928571428572,183.77509546803805,False,1.0223214285714286
2023-04-20,113.0,280.0,237.0,7490.0,320.0,False,False,False,7770.0,-83.0,0.018216421968461072,-634.0,7780.428571428572,7973.142857142857,162.61596594723696,False,1.350210970464135
2023-04-21,113.0,280.0,237.0,7490.0,320.0,False,False,False,7770.0,-83.0,0.0,-520.0,7746.285714285715,7928.357142857143,128.04128798388345,False,1.350210970464135
2023-04-22,113.0,280.0,237.0,7490.0,320.0,False,False,False,7770.0,-83.0,0.0,-406.0,7712.142857142857,7883.571428571428,60.209159246272584,False,1.350210970464135
2023-04-23,196.0,306.0,187.0,7534.0,266.0,False,False,False,7840.0,-79.0,0.005874499332443328,-405.0,7737.428571428572,7864.285714285715,72.11993978287818,False,1.4224598930481283
2023-04-24,236.0,330.0,222.0,7796.0,213.0,False,False,False,8126.0,9.0,0.0347756835678259,-344.0,7806.714285714285,7871.214285714285,152.36656926167214,False,0.9594594594594594
2023-04-25,81.0,230.0,242.0,8017.0,202.0,True,False,True,8247.0,40.0,0.02834787070292455,-284.0,7892.285714285715,7879.5,206.84028805313903,False,0.8347107438016529
2023-04-26,118.0,245.0,160.0,8117.0,256.0,False,False,False,8362.0,-96.0,0.012473493825620574,-375.0,7983.571428571428,7899.071428571428,255.06199059761954,False,1.6
2023-04-27,218.0,283.0,208.0,8159.0,310.0,False,False,False,8442.0,-102.0,0.005174325489712972,-394.0,8079.571428571428,7930.0,285.8821768624631,False,1.4903846153846154
2023-04-28,218.0,283.0,208.0,8159.0,310.0,False,False,False,8442.0,-102.0,0.0,-413.0,8175.571428571428,7960.928571428572,277.3023963971842,False,1.4903846153846154
2023-04-29,218.0,283.0,208.0,8159.0,310.0,False,False,False,8442.0,-102.0,0.0,-432.0,8271.57142857143,7991.857142857143,224.85688570204283,False,1.4903846153846154
2023-04-30,132.0,243.0,183.0,8352.0,293.0,False,False,False,8595.0,-110.0,0.023654859664174577,-463.0,8379.42857142857,8058.428571428572,152.9072236606966,False,1.6010928961748634
2023-05-01,224.0,315.0,152.0,8492.0,237.0,False,False,False,8807.0,-85.0,0.01676245210727978,-557.0,8476.714285714286,8141.714285714285,179.17562546816586,False,1.5592105263157894
2023-05-02,167.0,326.0,213.0,8654.0,245.0,False,False,False,8980.0,-32.0,0.019076778144135664,-629.0,8581.42857142857,8236.857142857143,229.63584007646332,False,1.1502347417840375
2023-05-03,209.0,353.0,232.0,8704.0,267.0,False,False,False,9057.0,-35.0,0.005777675063554533,-568.0,8680.714285714286,8332.142857142857,266.2741158316158,False,1.1508620689655173
2023-05-04,153.0,253.0,286.0,8790.0,332.0,True,False,True,9043.0,-46.0,0.009880514705882248,-512.0,8766.57142857143,8423.07142857143,273.2757198282039,False,1.1608391608391608
2023-05-05,153.0,253.0,286.0,8790.0,332.0,True,False,True,9043.0,-46.0,0.0,-456.0,8852.42857142857,8514.0,247.50209234325564,False,1.1608391608391608
2023-05-06,153.0,253.0,286.0,8790.0,332.0,True,False,True,9043.0,-46.0,0.0,-400.0,8938.285714285714,8604.92857142857,175.02829703196088,False,1.1608391608391608
2023-05-07,180.0,337.0,219.0,8485.0,375.0,False,False,False,8822.0,-156.0,-0.03469852104664395,-446.0,8970.714285714286,8675.07142857143,109.63988672881895,False,1.7123287671232876
2023-05-08,133.0,287.0,189.0,8590.0,261.0,False,False,False,8877.0,-72.0,0.012374779021803173,-433.0,8980.714285714286,8728.714285714286,94.34460642722608,False,1.380952380952381
2023-05-09,187.0,310.0,247.0,8606.0,250.0,False,False,False,8916.0,-3.0,0.0018626309662397311,-404.0,8971.57142857143,8776.5,97.47453880008456,False,1.0121457489878543
2023-05-10,168.0,285.0,210.0,8681.0,304.0,False,False,False,8966.0,-94.0,0.008714850104578176,-463.0,8958.57142857143,8819.642857142857,89.96083804053809,False,1.4476190476190476
2023-05-11,269.0,412.0,204.0,8672.0,392.0,False,False,False,9084.0,-188.0,-0.0010367469185578182,-605.0,8964.42857142857,8865.5,97.40098757690232,False,1.9215686274509804
2023-05-12,269.0,412.0,204.0,8672.0,392.0,False,False,False,9084.0,-188.0,0.0,-747.0,8970.285714285714,8911.357142857143,103.92740140072907,False,1.9215686274509804
2023-05-13,269.0,412.0,204.0,8672.0,392.0,False,False,False,9084.0,-188.0,0.0,-889.0,8976.142857142857,8957.214285714286,109.70327945787676,False,1.9215686274509804
2023-05-14,100.0,255.0,236.0,8445.0,288.0,False,False,False,8700.0,-52.0,-0.02617619926199266,-785.0,8958.714285714286,8964.714285714286,142.93205178886583,False,1.2203389830508475
2023-05-15,205.0,294.0,177.0,8571.0,277.0,False,False,False,8865.0,-100.0,0.01492007104795734,-813.0,8957.0,8968.857142857143,144.14229081016992,False,1.5649717514124293
2023-05-16,161.0,304.0,211.0,8572.0,272.0,False,False,False,8876.0,-61.0,0.0001166725002916813,-871.0,8951.285714285714,8961.42857142857,146.80680534376364,False,1.2890995260663507
2023-05-17,57.0,162.0,193.0,8569.0,307.0,True,False,True,8731.0,-114.0,-0.00034997666822211837,-891.0,8917.714285714286,8938.142857142857,168.19305800748302,False,1.5906735751295338
2023-05-18,80.0,122.0,152.0,8474.0,351.0,True,False,True,8596.0,-199.0,-0.011086474501108667,-902.0,8848.0,8906.214285714286,187.77735042687559,False,2.3092105263157894
2023-05-19,80.0,122.0,152.0,8474.0,351.0,True,False,True,8596.0,-199.0,0.0,-913.0,8778.285714285714,8874.285714285714,175.7599824436052,False,2.3092105263157894
2023-05-20,80.0,122.0,152.0,8474.0,351.0,True,False,True,8596.0,-199.0,0.0,-924.0,8708.57142857143,8842.357142857143,123.21777082720186,False,2.3092105263157894
2023-05-21,107.0,170.0,133.0,7826.0,343.0,False,False,False,7996.0,-210.0,-0.07646919990559353,-1082.0,8608.0,8783.357142857143,296.6417592540543,False,2.5789473684210527
2023-05-22,99.0,156.0,139.0,7848.0,240.0,False,False,False,8004.0,-101.0,0.0028111423460259743,-1083.0,8485.0,8721.0,346.6126560489993,False,1.7266187050359711
2023-05-23,25.0,66.0,94.0,7788.0,246.0,True,False,True,7854.0,-152.0,-0.007645259938837912,-1174.0,8339.0,8645.142857142857,368.9873529901493,False,2.617021276595745
2023-05-24,35.0,70.0,53.0,7709.0,276.0,False,False,False,7779.0,-223.0,-0.010143810991268598,-1283.0,8203.0,8560.357142857143,375.80447043643875,False,5.2075471698113205
2023-05-25,43.0,73.0,64.0,7546.0,408.0,False,False,False,7619.0,-344.0,-0.02114411726553378,-1428.0,8063.428571428572,8455.714285714286,386.78583959899527,False,6.375
2023-05-26,43.0,73.0,64.0,7546.0,408.0,False,False,False,7619.0,-344.0,0.0,-1573.0,7923.857142857143,8351.07142857143,335.44568788974664,False,6.375
2023-05-27,43.0,73.0,64.0,7546.0,408.0,False,False,False,7619.0,-344.0,0.0,-1718.0,7784.285714285715,8246.42857142857,173.1778606767884,False,6.375
2023-05-28,43.0,73.0,64.0,7546.0,408.0,False,False,False,7619.0,-344.0,0.0,-1852.0,7730.428571428572,8169.214285714285,153.91324086739323,False,6.375
2023-05-29,41.0,60.0,71.0,6996.0,207.0,True,False,True,7056.0,-136.0,-0.07288629737609331,-1887.0,7595.0,8040.0,256.17767271958064,False,2.915492957746479
2023-05-30,65.0,83.0,65.0,7046.0,168.0,False,False,False,7129.0,-103.0,0.007146941109205329,-1838.0,7491.428571428572,7915.214285714285,279.50781571834665,False,2.5846153846153848
2023-05-31,38.0,80.0,82.0,7053.0,210.0,True,False,True,7133.0,-128.0,0.0009934714731762995,-1743.0,7399.142857142857,7801.071428571428,275.34973432073565,False,2.5609756097560976
2023-06-01,56.0,82.0,68.0,7002.0,287.0,False,False,False,7084.0,-219.0,-0.007230965546575874,-1618.0,7322.714285714285,7693.071428571428,278.38625102890654,False,4.220588235294118
2023-06-02,56.0,82.0,68.0,7002.0,287.0,False,False,False,7084.0,-219.0,0.0,-1493.0,7246.285714285715,7585.071428571428,256.02845823969864,False,4.220588235294118
2023-06-03,56.0,82.0,68.0,7002.0,287.0,False,False,False,7084.0,-219.0,0.0,-1368.0,7169.857142857143,7477.071428571428,199.93117863530665,False,4.220588235294118
2023-06-04,74.0,103.0,80.0,6555.0,292.0,False,False,False,6658.0,-212.0,-0.06383890317052265,-1236.0,7032.571428571428,7381.5,167.4174992276719,False,3.65
2023-06-05,68.0,107.0,102.0,6523.0,189.0,False,False,False,6630.0,-87.0,-0.004881769641495004,-1187.0,6971.714285714285,7283.357142857143,225.00423276448393,False,1.8529411764705883
2023-06-06,92.0,124.0,93.0,6508.0,187.0,False,False,False,6632.0,-94.0,-0.002299555419285615,-1178.0,6900.714285714285,7196.071428571428,244.6567079847497,False,2.010752688172043
2023-06-07,113.0,162.0,107.0,6483.0,208.0,False,False,False,6645.0,-101.0,-0.003841425937307963,-1151.0,6831.0,7115.071428571428,236.83820074760882,False,1.9439252336448598
2023-06-08,106.0,196.0,131.0,6446.0,255.0,False,False,False,6642.0,-124.0,-0.005707234305105668,-1056.0,6767.857142857143,7045.285714285715,216.16230674466618,False,1.9465648854961832
2023-06-09,106.0,196.0,131.0,6446.0,255.0,False,False,False,6642.0,-124.0,0.0,-961.0,6704.714285714285,6975.5,167.50195450184464,False,1.9465648854961832
2023-06-10,106.0,196.0,131.0,6446.0,255.0,False,False,False,6642.0,-124.0,0.0,-866.0,6641.571428571428,6905.714285714285,9.19886121502794,False,1.9465648854961832
2023-06-11,86.0,152.0,168.0,6007.0,238.0,True,False,True,6159.0,-70.0,-0.06810425069810733,-724.0,6570.285714285715,6801.428571428572,181.4485365843628,False,1.4166666666666667
2023-06-12,84.0,118.0,136.0,6021.0,177.0,True,False,True,6139.0,-41.0,0.002330614283336141,-678.0,6500.142857142857,6735.928571428572,239.98015791000876,False,1.3014705882352942
2023-06-13,59.0,64.0,117.0,6061.0,146.0,True,False,True,6125.0,-29.0,0.006643414715163498,-613.0,6427.714285714285,6664.214285714285,268.3801497166706,False,1.2478632478632479
2023-06-14,62.0,97.0,52.0,6065.0,167.0,False,False,False,6162.0,-115.0,0.0006599571027883222,-627.0,6358.714285714285,6594.857142857143,265.27703398889173,False,3.2115384615384617
2023-06-15,91.0,75.0,97.0,6038.0,272.0,True,False,True,6113.0,-175.0,-0.0044517724649628665,-678.0,6283.142857142857,6525.5,245.75694535560189,False,2.804123711340206
2023-06-16,91.0,75.0,97.0,6038.0,272.0,True,False,True,6113.0,-175.0,0.0,-729.0,6207.571428571428,6456.142857142857,192.601364777945,False,2.804123711340206
2023-06-17,91.0,75.0,97.0,6038.0,272.0,True,False,True,6113.0,-175.0,0.0,-780.0,6132.0,6386.785714285715,21.64101045182338,False,2.804123711340206
2023-06-18,91.0,75.0,97.0,6038.0,272.0,True,False,True,6113.0,-175.0,0.0,-885.0,6125.428571428572,6347.857142857143,18.88435986899617,False,2.804123711340206
2023-06-19,29.0,51.0,11.0,5679.0,142.0,False,False,False,5730.0,-131.0,-0.059456773766147775,-975.0,6067.0,6283.571428571428,149.67854444345178,False,12.909090909090908
2023-06-20,33.0,53.0,34.0,5904.0,134.0,False,False,False,5957.0,-100.0,0.03961965134706813,-1046.0,6043.0,6235.357142857143,152.27497058515814,False,3.9411764705882355
2023-06-21,93.0,196.0,169.0,5922.0,149.0,False,False,False,6118.0,20.0,0.0030487804878047697,-911.0,6036.714285714285,6197.714285714285,147.37335160044705,False,0.8816568047337278
2023-06-22,124.0,234.0,161.0,5956.0,207.0,False,False,False,6190.0,-46.0,0.005741303613644,-782.0,6047.714285714285,6165.428571428572,156.60110076863702,False,1.2857142857142858
2023-06-23,124.0,234.0,161.0,5956.0,207.0,False,False,False,6190.0,-46.0,0.0,-653.0,6058.714285714285,6133.142857142857,164.45841853980994,False,1.2857142857142858
2023-06-24,124.0,234.0,161.0,5956.0,207.0,False,False,False,6190.0,-46.0,0.0,-524.0,6069.714285714285,6100.857142857143,171.13417181249469,False,1.2857142857142858
2023-06-25,92.0,203.0,173.0,5766.0,263.0,False,False,False,5969.0,-90.0,-0.031900604432505086,-439.0,6049.142857142857,6087.285714285715,173.69938454272145,False,1.5202312138728324
2023-06-26,186.0,259.0,172.0,5819.0,174.0,False,False,False,6078.0,-2.0,0.009191814082552874,-310.0,6098.857142857143,6082.928571428572,102.23246153017845,False,1.0116279069767442
2023-06-27,154.0,225.0,220.0,5917.0,155.0,False,False,False,6142.0,65.0,0.01684138168070115,-145.0,6125.285714285715,6084.142857142857,81.19670413229588,False,0.7045454545454546
2023-06-28,91.0,199.0,172.0,5999.0,174.0,False,False,False,6198.0,-2.0,0.013858374176102695,-167.0,6136.714285714285,6086.714285714285,85.51552351443235,False,1.0116279069767442
2023-06-29,81.0,213.0,153.0,6058.0,213.0,False,False,False,6271.0,-60.0,0.009834972495415872,-181.0,6148.285714285715,6098.0,98.43223436429388,False,1.392156862745098
2023-06-30,81.0,213.0,153.0,6058.0,213.0,False,False,False,6271.0,-60.0,0.0,-195.0,6159.857142857143,6109.285714285715,108.40883815685207,False,1.392156862745098
2023-07-01,81.0,213.0,153.0,6058.0,213.0,False,False,False,6271.0,-60.0,0.0,-209.0,6171.428571428572,6120.571428571428,116.20507324407677,False,1.392156862745098
2023-07-02,209.0,285.0,184.0,5903.0,309.0,False,False,False,6188.0,-125.0,-0.025586001980851814,-244.0,6202.714285714285,6125.928571428572,74.68537180697805,False,1.6793478260869565
2023-07-03,209.0,285.0,184.0,5903.0,309.0,False,False,False,6188.0,-125.0,0.0,-367.0,6218.428571428572,6158.642857142857,52.28402287181636,False,1.6793478260869565
2023-07-04,184.0,314.0,217.0,6127.0,124.0,False,False,False,6441.0,93.0,0.03794680670845341,-339.0,6261.142857142857,6193.214285714285,88.81334091143323,False,0.5714285714285714
2023-07-05,107.0,215.0,230.0,6193.0,167.0,True,False,True,6408.0,63.0,0.010771992818671361,-274.0,6291.142857142857,6213.928571428572,98.8322291757605,False,0.7260869565217392
2023-07-06,101.0,162.0,178.0,6239.0,205.0,True,False,True,6401.0,-27.0,0.007427740997900889,-241.0,6309.714285714285,6229.0,106.3449015951322,False,1.151685393258427
2023-07-07,101.0,162.0,178.0,6239.0,205.0,True,False,True,6401.0,-27.0,0.0,-208.0,6328.285714285715,6244.071428571428,109.75383711718132,False,1.151685393258427
2023-07-08,101.0,162.0,178.0,6239.0,205.0,True,False,True,6401.0,-27.0,0.0,-175.0,6346.857142857143,6259.142857142857,109.44317943046646,False,1.151685393258427
2023-07-09,99.0,190.0,176.0,6214.0,196.0,False,False,False,6404.0,-20.0,-0.0040070524122455264,-70.0,6377.714285714285,6290.214285714285,84.88367390303877,False,1.1136363636363635
2023-07-10,167.0,239.0,166.0,6346.0,163.0,False,False,False,6585.0,3.0,0.02124235597038937,58.0,6434.428571428572,6326.428571428572,67.9358941526809,False,0.9819277108433735
2023-07-11,115.0,216.0,169.0,6498.0,143.0,False,False,False,6714.0,26.0,0.0239520958083832,-9.0,6473.428571428572,6367.285714285715,125.9376262850931,False,0.8461538461538461
2023-07-12,84.0,158.0,193.0,6521.0,210.0,True,False,True,6679.0,-17.0,0.0035395506309634506,-89.0,6512.142857142857,6401.642857142857,142.97369055359022,False,1.0880829015544042
2023-07-13,130.0,227.0,192.0,6604.0,226.0,False,False,False,6831.0,-34.0,0.012728109185707659,-96.0,6573.571428571428,6441.642857142857,175.85586630625255,False,1.1770833333333333
2023-07-14,130.0,227.0,192.0,6604.0,226.0,False,False,False,6831.0,-34.0,0.0,-103.0,6635.0,6481.642857142857,180.56670051083458,False,1.1770833333333333
2023-07-15,130.0,227.0,192.0,6604.0,226.0,False,False,False,6831.0,-34.0,0.0,-110.0,6696.428571428572,6521.642857142857,159.62023382909308,False,1.1770833333333333
2023-07-16,88.0,214.0,160.0,6468.0,218.0,False,False,False,6682.0,-58.0,-0.02059357964869779,-148.0,6736.142857142857,6556.928571428572,97.06085474507378,False,1.3625
2023-07-17,113.0,208.0,159.0,6632.0,160.0,False,False,False,6840.0,-1.0,0.02535559678416832,-152.0,6772.571428571428,6603.5,76.56991825114254,False,1.0062893081761006
2023-07-18,174.0,285.0,150.0,6874.0,181.0,False,False,False,7159.0,-31.0,0.03648974668275029,-209.0,6836.142857142857,6654.785714285715,159.57488166116946,False,1.2066666666666668
2023-07-19,104.0,230.0,206.0,7001.0,226.0,False,False,False,7231.0,-20.0,0.018475414605760854,-212.0,6915.0,6713.571428571428,200.1974025806335,False,1.0970873786407767
2023-07-20,147.0,276.0,214.0,7116.0,281.0,False,False,False,7392.0,-67.0,0.016426224825025093,-245.0,6995.142857142857,6784.357142857143,263.3080759437012,False,1.3130841121495327
2023-07-21,147.0,276.0,214.0,7116.0,281.0,False,False,False,7392.0,-67.0,0.0,-278.0,7075.285714285715,6855.142857142857,289.1307168541616,False,1.3130841121495327
2023-07-22,147.0,276.0,214.0,7116.0,281.0,False,False,False,7392.0,-67.0,0.0,-311.0,7155.428571428572,6925.928571428572,287.8806796475139,False,1.3130841121495327
2023-07-23,108.0,220.0,213.0,7052.0,276.0,False,False,False,7272.0,-63.0,-0.008993816750983652,-316.0,7239.714285714285,6987.928571428572,198.73660481970998,False,1.295774647887324
2023-07-24,180.0,280.0,146.0,7220.0,187.0,False,False,False,7500.0,-41.0,0.02382302892796373,-356.0,7334.0,7053.285714285715,117.42089535807781,False,1.2808219178082192
2023-07-25,134.0,294.0,186.0,7510.0,136.0,False,False,False,7804.0,50.0,0.040166204986149534,-275.0,7426.142857142857,7131.142857142857,188.66586740540578,False,0.7311827956989247
2023-07-26,202.0,313.0,158.0,7647.0,215.0,False,False,False,7960.0,-57.0,0.018242343541944095,-312.0,7530.285714285715,7222.642857142857,253.17037365233182,False,1.360759493670886
2023-07-27,110.0,272.0,193.0,7754.0,259.0,False,False,False,8026.0,-66.0,0.013992415326271823,-311.0,7620.857142857143,7308.0,303.79786512937324,False,1.3419689119170986
2023-07-28,110.0,272.0,193.0,7754.0,259.0,False,False,False,8026.0,-66.0,0.0,-310.0,7711.428571428572,7393.357142857143,318.3555963294921,False,1.3419689119170986
2023-07-29,110.0,272.0,193.0,7754.0,259.0,False,False,False,8026.0,-66.0,0.0,-309.0,7802.0,7478.714285714285,302.1037349432911,False,1.3419689119170986
2023-07-30,166.0,277.0,229.0,7671.0,305.0,False,False,False,7948.0,-76.0,-0.010704152695383051,-322.0,7898.571428571428,7569.142857142857,192.67144498940192,False,1.331877729257642
2023-07-31,136.0,276.0,178.0,7800.0,220.0,False,False,False,8076.0,-42.0,0.016816581931951458,-323.0,7980.857142857143,7657.428571428572,89.40437828853925,False,1.2359550561797752
2023-08-01,87.0,246.0,173.0,8103.0,168.0,False,False,False,8349.0,5.0,0.03884615384615375,-368.0,8058.714285714285,7742.428571428572,135.26358747000018,False,0.9710982658959537
2023-08-02,84.0,171.0,157.0,8261.0,271.0,False,False,False,8432.0,-114.0,0.019498951005800347,-425.0,8126.142857142857,7828.214285714285,185.98783882418644,False,1.7261146496815287
2023-08-03,167.0,209.0,157.0,8294.0,339.0,False,False,False,8503.0,-182.0,0.003994673768308976,-541.0,8194.285714285714,7907.571428571428,226.21428947332026,False,2.159235668789809
2023-08-04,167.0,209.0,157.0,8294.0,339.0,False,False,False,8503.0,-182.0,0.0,-657.0,8262.42857142857,7986.928571428572,238.57832895640868,False,2.159235668789809
2023-08-05,167.0,209.0,157.0,8294.0,339.0,False,False,False,8503.0,-182.0,0.0,-773.0,8330.57142857143,8066.285714285715,227.66558599760154,False,2.159235668789809
2023-08-06,109.0,245.0,159.0,8298.0,322.0,False,False,False,8543.0,-163.0,0.0004822763443452782,-860.0,8415.57142857143,8157.071428571428,162.88017798665174,False,2.0251572327044025
2023-08-07,156.0,256.0,176.0,8493.0,202.0,False,False,False,8749.0,-26.0,0.02349963846710046,-844.0,8511.714285714286,8246.285714285714,122.70657994547157,False,1.1477272727272727
2023-08-08,125.0,232.0,192.0,8725.0,207.0,False,False,False,8957.0,-15.0,0.027316613681855673,-864.0,8598.57142857143,8328.642857142857,186.78673859322652,False,1.078125
2023-08-09,118.0,139.0,168.0,8888.0,251.0,True,False,True,9027.0,-83.0,0.018681948424068784,-833.0,8683.57142857143,8404.857142857143,228.9707820828385,False,1.494047619047619
2023-08-10,142.0,235.0,139.0,8914.0,353.0,False,False,False,9149.0,-214.0,0.0029252925292528875,-865.0,8775.857142857143,8485.07142857143,270.4831655707054,False,2.539568345323741
2023-08-11,142.0,235.0,139.0,8914.0,353.0,False,False,False,9149.0,-214.0,0.0,-897.0,8868.142857142857,8565.285714285714,272.07071909796207,False,2.539568345323741
2023-08-12,142.0,235.0,139.0,8914.0,353.0,False,False,False,9149.0,-214.0,0.0,-929.0,8960.42857142857,8645.5,234.54555857577944,False,2.539568345323741
2023-08-13,142.0,235.0,139.0,8914.0,353.0,False,False,False,9149.0,-214.0,0.0,-980.0,9047.0,8731.285714285714,152.16219416575868,False,2.539568345323741
2023-08-14,142.0,235.0,139.0,8914.0,353.0,False,False,False,9149.0,-214.0,0.0,-1168.0,9104.142857142857,8807.92857142857,79.22842202863218,False,2.539568345323741
2023-08-15,142.0,235.0,139.0,8914.0,353.0,False,False,False,9149.0,-214.0,0.0,-1367.0,9131.57142857143,8865.07142857143,46.11166570716853,False,2.539568345323741
2023-08-16,148.0,245.0,175.0,9634.0,288.0,False,False,False,9879.0,-113.0,0.08077181960960278,-1397.0,9253.285714285714,8968.42857142857,275.9140652967406,True,1.6457142857142857
2023-08-17,119.0,219.0,210.0,9694.0,407.0,False,False,False,9913.0,-197.0,0.006227942702927036,-1380.0,9362.42857142857,9069.142857142857,364.630798270827,True,1.938095238095238
2023-08-18,119.0,219.0,210.0,9694.0,407.0,False,False,False,9913.0,-197.0,0.0,-1363.0,9471.57142857143,9169.857142857143,402.4768552943378,True,1.938095238095238
2023-08-19,119.0,219.0,210.0,9694.0,407.0,False,False,False,9913.0,-197.0,0.0,-1346.0,9580.714285714286,9270.57142857143,404.0106080644052,True,1.938095238095238
2023-08-20,105.0,210.0,149.0,9483.0,390.0,False,False,False,9693.0,-241.0,-0.021766040850010326,-1373.0,9658.42857142857,9352.714285714286,356.6748552687031,True,2.61744966442953
2023-08-21,143.0,203.0,163.0,9668.0,281.0,False,False,False,9871.0,-118.0,0.019508594326689943,-1277.0,9761.57142857143,9432.857142857143,281.2180987198644,True,1.7239263803680982
2023-08-22,119.0,209.0,152.0,9921.0,230.0,False,False,False,10130.0,-78.0,0.02616880430285473,-1141.0,9901.714285714286,9516.642857142857,127.48688074425206,True,1.513157894736842
2023-08-23,155.0,212.0,181.0,10071.0,285.0,False,False,False,10283.0,-104.0,0.015119443604475258,-1132.0,9959.42857142857,9606.357142857143,191.07752104214816,True,1.574585635359116
2023-08-24,109.0,214.0,173.0,10026.0,443.0,False,False,False,10240.0,-270.0,-0.0044682752457551045,-1205.0,10006.142857142857,9684.285714285714,216.16076468792605,True,2.560693641618497
2023-08-25,109.0,214.0,173.0,10026.0,443.0,False,False,False,10240.0,-270.0,0.0,-1278.0,10052.857142857143,9762.214285714286,227.70260470725438,True,2.560693641618497
2023-08-26,109.0,214.0,173.0,10026.0,443.0,False,False,False,10240.0,-270.0,0.0,-1351.0,10099.57142857143,9840.142857142857,227.7709793797493,True,2.560693641618497
2023-08-27,191.0,283.0,192.0,9873.0,488.0,False,False,False,10156.0,-296.0,-0.015260323159784539,-1406.0,10165.714285714286,9912.07142857143,140.55688562012165,True,2.5416666666666665
2023-08-28,170.0,297.0,196.0,10012.0,388.0,False,False,False,10309.0,-192.0,0.014078800769776079,-1480.0,10228.285714285714,9994.92857142857,64.29804114610936,True,1.9795918367346939
2023-08-29,152.0,272.0,214.0,10180.0,286.0,False,False,False,10452.0,-72.0,0.016779864163004365,-1474.0,10274.285714285714,10088.0,91.63462643505731,True,1.3364485981308412
2023-08-30,239.0,367.0,224.0,10280.0,366.0,False,False,False,10647.0,-142.0,0.00982318271119853,-1512.0,10326.285714285714,10142.857142857143,168.47028846424172,True,1.6339285714285714
2023-08-31,113.0,280.0,237.0,10140.0,505.0,False,False,False,10420.0,-268.0,-0.013618677042801508,-1510.0,10352.0,10179.07142857143,166.83424908169442,True,2.130801687763713
2023-09-01,113.0,280.0,237.0,10140.0,505.0,False,False,False,10420.0,-268.0,0.0,-1508.0,10377.714285714286,10215.285714285714,160.4438783351479,True,2.130801687763713
2023-09-02,113.0,280.0,237.0,10140.0,505.0,False,False,False,10420.0,-268.0,0.0,-1506.0,10403.42857142857,10251.5,148.68743181902576,True,2.130801687763713
2023-09-03,113.0,280.0,237.0,10140.0,505.0,False,False,False,10420.0,-268.0,0.0,-1478.0,10441.142857142857,10303.42857142857,101.44362731977634,True,2.130801687763713
2023-09-04,196.0,306.0,187.0,9988.0,293.0,False,False,False,10294.0,-106.0,-0.014990138067061176,-1392.0,10439.0,10333.642857142857,104.80298977916077,True,1.5668449197860963
2023-09-05,236.0,330.0,222.0,10142.0,243.0,False,False,False,10472.0,-21.0,0.01541850220264318,-1341.0,10441.857142857143,10358.07142857143,105.48685316408071,True,1.0945945945945945
2023-09-06,81.0,230.0,242.0,10356.0,291.0,True,False,True,10586.0,-49.0,0.021100374679550393,-1248.0,10433.142857142857,10379.714285714286,86.53213000841879,True,1.2024793388429753
2023-09-07,118.0,245.0,160.0,10419.0,398.0,False,False,False,10664.0,-238.0,0.006083429895712644,-1218.0,10468.0,10410.0,122.16382443253592,True,2.4875
2023-09-08,118.0,245.0,160.0,10419.0,398.0,False,False,False,10664.0,-238.0,0.0,-1188.0,10502.857142857143,10440.285714285714,139.7323973068716,True,2.4875
2023-09-09,118.0,245.0,160.0,10419.0,398.0,False,False,False,10664.0,-238.0,0.0,-1158.0,10537.714285714286,10470.57142857143,145.91517431446195,True,2.4875
2023-09-10,218.0,283.0,208.0,10282.0,382.0,False,False,False,10565.0,-174.0,-0.013149054611766964,-1064.0,10558.42857142857,10499.785714285714,136.40119396202869,True,1.8365384615384615
2023-09-11,132.0,243.0,183.0,10492.0,277.0,False,False,False,10735.0,-94.0,0.020424042015172228,-1052.0,10621.42857142857,10530.214285714286,86.70228205915652,True,1.5136612021857923
2023-09-12,224.0,315.0,152.0,10649.0,316.0,False,False,False,10964.0,-164.0,0.01496378192908887,-1195.0,10691.714285714286,10566.785714285714,132.63322143622102,True,2.0789473684210527
2023-09-13,167.0,326.0,213.0,10678.0,343.0,False,False,False,11004.0,-130.0,0.0027232604000375638,-1276.0,10751.42857142857,10592.285714285714,166.80113622993062,True,1.6103286384976525
2023-09-14,209.0,353.0,232.0,10837.0,414.0,False,False,False,11190.0,-182.0,0.01489042891927328,-1220.0,10826.57142857143,10647.285714285714,228.07590632856022,True,1.7844827586206897
2023-09-15,209.0,353.0,232.0,10837.0,414.0,False,False,False,11190.0,-182.0,0.0,-1164.0,10901.714285714286,10702.285714285714,251.07682375827682,True,1.7844827586206897
2023-09-16,209.0,353.0,232.0,10837.0,414.0,False,False,False,11190.0,-182.0,0.0,-1108.0,10976.857142857143,10757.285714285714,246.74982510722853,True,1.7844827586206897
2023-09-17,153.0,253.0,286.0,10799.0,427.0,True,False,True,11052.0,-141.0,-0.0035065054904493964,-1075.0,11046.42857142857,10802.42857142857,167.05872933668928,True,1.493006993006993
2023-09-18,180.0,337.0,219.0,10892.0,313.0,False,False,False,11229.0,-94.0,0.008611908510047117,-1075.0,11117.0,10869.214285714286,107.18675291270155,True,1.4292237442922375
2023-09-19,133.0,287.0,189.0,11095.0,260.0,False,False,False,11382.0,-71.0,0.018637532133676027,-982.0,11176.714285714286,10934.214285714286,123.01045251741274,True,1.3756613756613756
2023-09-20,187.0,310.0,247.0,11064.0,364.0,False,False,False,11374.0,-117.0,-0.0027940513744930673,-969.0,11229.57142857143,10990.5,115.70343864488974,True,1.4736842105263157
2023-09-21,168.0,285.0,210.0,11067.0,428.0,False,False,False,11352.0,-218.0,0.00027114967462038564,-1005.0,11252.714285714286,11039.642857142857,122.47273749098996,True,2.038095238095238
2023-09-22,168.0,285.0,210.0,11067.0,428.0,False,False,False,11352.0,-218.0,0.0,-1041.0,11275.857142857143,11088.785714285714,123.94411182911354,True,2.038095238095238
2023-09-23,168.0,285.0,210.0,11067.0,428.0,False,False,False,11352.0,-218.0,0.0,-1077.0,11299.0,11137.92857142857,120.31209415501155,True,2.038095238095238
2023-09-24,269.0,412.0,204.0,10744.0,403.0,False,False,False,11156.0,-199.0,-0.029185867895545337,-1135.0,11313.857142857143,11180.142857142857,86.35668005684444,True,1.9754901960784315
2023-09-25,100.0,255.0,236.0,10842.0,284.0,False,False,False,11097.0,-48.0,0.009121370067014078,-1089.0,11295.0,11206.0,116.9629570988089,True,1.2033898305084745
2023-09-26,205.0,294.0,177.0,10978.0,332.0,False,False,False,11272.0,-155.0,0.012543811104962277,-1173.0,11279.285714285714,11228.0,110.53915488128919,True,1.8757062146892656
2023-09-27,161.0,304.0,211.0,11017.0,331.0,False,False,False,11321.0,-120.0,0.003552559664784072,-1176.0,11271.714285714286,11250.642857142857,104.62745701712251,True,1.5687203791469195
2023-09-28,57.0,162.0,193.0,10984.0,447.0,True,False,True,11146.0,-254.0,-0.002995370790596308,-1212.0,11242.285714285714,11247.5,107.2205115414208,True,2.316062176165803
2023-09-29,57.0,162.0,193.0,10984.0,447.0,True,False,True,11146.0,-254.0,0.0,-1248.0,11212.857142857143,11244.357142857143,100.1239707751158,True,2.316062176165803
2023-09-30,57.0,162.0,193.0,10984.0,447.0,True,False,True,11146.0,-254.0,0.0,-1284.0,11183.42857142857,11241.214285714286,80.82461906861472,True,2.316062176165803
2023-10-01,80.0,122.0,152.0,10598.0,493.0,True,False,True,10720.0,-341.0,-0.03514202476329209,-1426.0,11121.142857142857,11217.5,194.10171609351084,True,3.2434210526315788
2023-10-02,107.0,170.0,133.0,10724.0,284.0,False,False,False,10894.0,-151.0,0.011889035667107084,-1529.0,11092.142857142857,11193.57142857143,212.593844824147,True,2.1353383458646618
2023-10-03,99.0,156.0,139.0,10818.0,287.0,False,False,False,10974.0,-148.0,0.00876538604998145,-1522.0,11049.57142857143,11164.42857142857,200.0415433043623,True,2.064748201438849
2023-10-04,25.0,66.0,94.0,10963.0,330.0,True,False,True,11029.0,-236.0,0.013403586614901153,-1638.0,11007.857142857143,11139.785714285714,160.55573131195334,True,3.5106382978723403
2023-10-05,35.0,70.0,53.0,11130.0,427.0,False,False,False,11200.0,-374.0,0.015233056645078902,-1758.0,11015.57142857143,11128.92857142857,169.35550098611725,True,8.056603773584905
2023-10-06,35.0,70.0,53.0,11130.0,427.0,False,False,False,11200.0,-374.0,0.0,-1878.0,11023.285714285714,11118.07142857143,177.3289920699497,True,8.056603773584905
2023-10-07,35.0,70.0,53.0,11130.0,427.0,False,False,False,11200.0,-374.0,0.0,-1998.0,11031.0,11107.214285714286,184.58331452212218,True,8.056603773584905
2023-10-08,35.0,70.0,53.0,11130.0,427.0,False,False,False,11200.0,-374.0,0.0,-2031.0,11099.57142857143,11110.357142857143,131.24513596418188,True,8.056603773584905
2023-10-09,43.0,73.0,64.0,10815.0,282.0,False,False,False,10888.0,-218.0,-0.028301886792452824,-2098.0,11098.714285714286,11095.42857142857,132.82157742077268,True,4.40625
2023-10-10,41.0,60.0,71.0,10910.0,257.0,True,False,True,10970.0,-186.0,0.00878409616273701,-2136.0,11098.142857142857,11073.857142857143,133.45464719189712,True,3.619718309859155
2023-10-11,65.0,83.0,65.0,10960.0,266.0,False,False,False,11043.0,-201.0,0.004582951420714965,-2101.0,11100.142857142857,11054.0,132.34604712815198,True,4.092307692307692
2023-10-12,38.0,80.0,82.0,10992.0,398.0,True,False,True,11072.0,-316.0,0.0029197080291971655,-2043.0,11081.857142857143,11048.714285714286,124.88184892308202,True,4.853658536585366
2023-10-13,38.0,80.0,82.0,10992.0,398.0,True,False,True,11072.0,-316.0,0.0,-1985.0,11063.57142857143,11043.42857142857,113.55741153380289,True,4.853658536585366
2023-10-14,38.0,80.0,82.0,10992.0,398.0,True,False,True,11072.0,-316.0,0.0,-1927.0,11045.285714285714,11038.142857142857,97.03043214310104,True,4.853658536585366
2023-10-15,56.0,82.0,68.0,10571.0,434.0,False,False,False,10653.0,-366.0,-0.03830058224163024,-1919.0,10967.142857142857,11033.357142857143,154.7561830443305,True,6.382352941176471
2023-10-16,74.0,103.0,80.0,10629.0,331.0,False,False,False,10732.0,-251.0,0.005486708920631855,-1952.0,10944.857142857143,11021.785714285714,177.59920098483246,True,4.1375
2023-10-17,68.0,107.0,102.0,10630.0,315.0,False,False,False,10737.0,-213.0,9.408222786722042e-05,-1979.0,10911.57142857143,11004.857142857143,193.2466965157781,True,3.088235294117647
2023-10-18,92.0,124.0,93.0,10511.0,393.0,False,False,False,10635.0,-300.0,-0.011194731890874832,-2078.0,10853.285714285714,10976.714285714286,207.96771727493754,True,4.225806451612903
2023-10-19,113.0,162.0,107.0,10319.0,406.0,False,False,False,10481.0,-299.0,-0.018266577870801992,-2061.0,10768.857142857143,10925.357142857143,223.74347556324793,True,3.794392523364486
2023-10-20,113.0,162.0,107.0,10319.0,406.0,False,False,False,10481.0,-299.0,0.0,-2044.0,10684.42857142857,10874.0,200.59732230083856,True,3.794392523364486
2023-10-21,113.0,162.0,107.0,10319.0,406.0,False,False,False,10481.0,-299.0,0.0,-2027.0,10600.0,10822.642857142857,117.40953964641346,True,3.794392523364486
2023-10-22,106.0,196.0,131.0,9506.0,454.0,False,False,False,9702.0,-323.0,-0.07878670413799782,-1984.0,10464.142857142857,10715.642857142857,355.2240741519758,True,3.4656488549618323
2023-10-23,86.0,152.0,168.0,9436.0,327.0,True,False,True,9588.0,-159.0,-0.007363770250368162,-1892.0,10300.714285714286,10622.785714285714,459.3512506008453,True,1.9464285714285714
2023-10-24,84.0,118.0,136.0,9396.0,300.0,True,False,True,9514.0,-164.0,-0.004239084357778755,-1843.0,10126.0,10518.785714285714,496.8098227692292,True,2.2058823529411766
2023-10-25,59.0,64.0,117.0,9351.0,293.0,True,False,True,9415.0,-176.0,-0.004789272030651381,-1719.0,9951.714285714286,10402.5,502.4492393219784,True,2.5042735042735043
2023-10-26,62.0,97.0,52.0,9235.0,390.0,False,False,False,9332.0,-338.0,-0.01240509036466686,-1758.0,9787.57142857143,10278.214285714286,488.19970542899006,True,7.5
2023-10-27,62.0,97.0,52.0,9235.0,390.0,False,False,False,9332.0,-338.0,0.0,-1797.0,9623.42857142857,10153.92857142857,401.6913645835026,True,7.5
2023-10-28,62.0,97.0,52.0,9235.0,390.0,False,False,False,9332.0,-338.0,0.0,-1836.0,9459.285714285714,10029.642857142857,146.65005317164332,True,7.5
2023-10-29,91.0,75.0,97.0,8925.0,418.0,True,False,True,9000.0,-321.0,-0.03356794802382246,-1834.0,9359.0,9911.57142857143,187.38107339503742,False,4.309278350515464
2023-10-30,29.0,51.0,11.0,9026.0,278.0,False,False,False,9077.0,-267.0,0.011316526610644306,-1942.0,9286.0,9793.357142857143,182.77946638871813,False,25.272727272727273
2023-10-31,33.0,53.0,34.0,9072.0,295.0,False,False,False,9125.0,-261.0,0.005096388211832448,-2039.0,9230.42857142857,9678.214285714286,159.56697354913854,False,8.676470588235293
2023-11-01,132.0,235.0,197.0,9250.0,279.0,False,False,False,9485.0,-82.0,0.019620811287478057,-1945.0,9240.42857142857,9596.07142857143,174.55167061445704,True,1.416243654822335
2023-11-02,174.0,208.0,256.0,9442.0,330.0,True,False,True,9650.0,-74.0,0.02075675675675681,-1681.0,9285.857142857143,9536.714285714286,233.71166606986884,True,1.2890625
2023-11-03,174.0,208.0,256.0,9442.0,330.0,True,False,True,9650.0,-74.0,0.0,-1417.0,9331.285714285714,9477.357142857143,271.9532522853539,True,1.2890625
2023-11-04,174.0,208.0,256.0,9442.0,330.0,True,False,True,9650.0,-74.0,0.0,-1153.0,9376.714285714286,9418.0,297.45683960632056,True,1.2890625
2023-11-05,123.0,230.0,167.0,9273.0,370.0,False,False,False,9503.0,-203.0,-0.017898750264774388,-1035.0,9448.57142857143,9403.785714285714,247.91588435252186,True,2.215568862275449
2023-11-06,123.0,233.0,159.0,9286.0,316.0,False,False,False,9519.0,-157.0,0.0014019195513856886,-925.0,9511.714285714286,9398.857142857143,186.0821631123663,True,1.9874213836477987
2023-11-07,141.0,232.0,188.0,9483.0,231.0,False,False,False,9715.0,-43.0,0.02121473185440448,-707.0,9596.0,9413.214285714286,91.11165311494025,True,1.2287234042553192
2023-11-08,158.0,226.0,191.0,9634.0,310.0,False,False,False,9860.0,-119.0,0.015923231045027908,-744.0,9649.57142857143,9445.0,120.48078289761202,True,1.6230366492146597
2023-11-09,158.0,226.0,191.0,9634.0,310.0,False,False,False,9860.0,-119.0,0.0,-789.0,9679.57142857143,9482.714285714286,144.38011998755465,True,1.6230366492146597
2023-11-10,158.0,226.0,191.0,9634.0,310.0,False,False,False,9860.0,-119.0,0.0,-834.0,9709.57142857143,9520.42857142857,158.35283087971567,True,1.6230366492146597
2023-11-11,158.0,226.0,191.0,9634.0,310.0,False,False,False,9860.0,-119.0,0.0,-879.0,9739.57142857143,9558.142857142857,164.94125938533082,True,1.6230366492146597
2023-11-12,96.0,160.0,233.0,9477.0,313.0,True,False,True,9637.0,-80.0,-0.01629645007265934,-756.0,9758.714285714286,9603.642857142857,138.57815398504988,True,1.3433476394849786
2023-11-13,141.0,173.0,129.0,9510.0,287.0,False,False,False,9683.0,-158.0,0.0034821145932257824,-757.0,9782.142857142857,9646.92857142857,99.70862311660031,True,2.2248062015503876
2023-11-14,116.0,181.0,182.0,9665.0,247.0,True,False,True,9846.0,-65.0,0.01629863301787582,-779.0,9800.857142857143,9698.42857142857,97.27011972067412,True,1.3571428571428572
2023-11-15,150.0,157.0,201.0,9762.0,316.0,True,False,True,9919.0,-115.0,0.010036213140196537,-775.0,9809.285714285714,9729.42857142857,105.46044169214599,True,1.572139303482587
2023-11-16,80.0,176.0,125.0,9762.0,374.0,False,False,False,9938.0,-249.0,0.0,-905.0,9820.42857142857,9750.0,115.36732226942081,True,2.992
2023-11-17,80.0,176.0,125.0,9762.0,374.0,False,False,False,9938.0,-249.0,0.0,-1035.0,9831.57142857143,9770.57142857143,123.31917550655288,True,2.992
2023-11-18,80.0,176.0,125.0,9762.0,374.0,False,False,False,9938.0,-249.0,0.0,-1165.0,9842.714285714286,9791.142857142857,129.6761534049392,True,2.992
2023-11-19,116.0,188.0,164.0,9573.0,435.0,False,False,False,9761.0,-271.0,-0.019360786724031964,-1356.0,9860.42857142857,9809.57142857143,102.51643306131454,True,2.652439024390244
2023-11-20,105.0,185.0,158.0,9638.0,298.0,False,False,False,9823.0,-140.0,0.006789930011490641,-1338.0,9880.42857142857,9831.285714285714,70.91980716001882,True,1.8860759493670887
2023-11-21,136.0,246.0,123.0,9804.0,250.0,False,False,False,10050.0,-127.0,0.017223490350695148,-1400.0,9909.57142857143,9855.214285714286,92.91726991045972,True,2.032520325203252
2023-11-22,136.0,246.0,123.0,9804.0,250.0,False,False,False,10050.0,-127.0,0.0,-1412.0,9928.285714285714,9868.785714285714,107.22362035437084,True,2.032520325203252
2023-11-23,128.0,228.0,177.0,9838.0,283.0,False,False,False,10066.0,-106.0,0.003467972256221863,-1269.0,9946.57142857143,9883.5,119.38154120694348,True,1.5988700564971752
2023-11-24,128.0,228.0,177.0,9838.0,283.0,False,False,False,10066.0,-106.0,0.0,-1126.0,9964.857142857143,9898.214285714286,127.38449483277613,True,1.5988700564971752
2023-11-25,128.0,228.0,177.0,9838.0,283.0,False,False,False,10066.0,-106.0,0.0,-983.0,9983.142857142857,9912.92857142857,131.99043976920277,True,1.5988700564971752
2023-11-26,90.0,196.0,205.0,9845.0,312.0,True,False,True,10041.0,-107.0,0.0007115267330757291,-819.0,10023.142857142857,9941.785714285714,88.81521748626574,True,1.5219512195121951
2023-11-27,56.0,82.0,68.0,10123.0,214.0,False,False,False,10205.0,-146.0,0.02823768410360583,-825.0,10077.714285714286,9979.07142857143,57.005012310842126,True,3.1470588235294117
2023-11-28,74.0,103.0,80.0,10223.0,223.0,False,False,False,10326.0,-143.0,0.009878494517435499,-841.0,10117.142857142857,10013.357142857143,107.62036450936859,True,2.7875
2023-11-29,68.0,107.0,102.0,10398.0,284.0,False,False,False,10505.0,-182.0,0.017118262740878354,-896.0,10182.142857142857,10055.214285714286,175.99377694621433,True,2.784313725490196
2023-11-30,92.0,124.0,93.0,10536.0,320.0,False,False,False,10660.0,-227.0,0.013271783035199158,-1017.0,10267.0,10106.785714285714,241.62505388855718,True,3.4408602150537635
2023-12-01,92.0,124.0,93.0,10536.0,320.0,False,False,False,10660.0,-227.0,0.0,-1138.0,10351.857142857143,10158.357142857143,262.65911277507234,True,3.4408602150537635
2023-12-02,92.0,124.0,93.0,10536.0,320.0,False,False,False,10660.0,-227.0,0.0,-1259.0,10436.714285714286,10209.92857142857,250.58978050833142,True,3.4408602150537635
2023-12-03,132.0,235.0,197.0,10579.0,417.0,False,False,False,10814.0,-220.0,0.004081245254365928,-1372.0,10547.142857142857,10285.142857142857,214.92822722275136,True,2.116751269035533
2023-12-04,174.0,208.0,256.0,10635.0,273.0,True,False,True,10843.0,-17.0,0.005293506002457704,-1243.0,10638.285714285714,10358.0,177.71017067650797,True,1.06640625
2023-12-05,123.0,230.0,167.0,10761.0,261.0,False,False,False,10991.0,-94.0,0.011847672778561247,-1194.0,10733.285714285714,10425.214285714286,159.78914677955163,True,1.562874251497006
2023-12-06,123.0,233.0,159.0,10832.0,376.0,False,False,False,11065.0,-217.0,0.006597899823436393,-1229.0,10813.285714285714,10497.714285714286,166.49095499516213,True,2.3647798742138364
2023-12-07,141.0,232.0,188.0,10897.0,466.0,False,False,False,11129.0,-278.0,0.0060007385524372125,-1280.0,10880.285714285714,10573.642857142857,187.55951436419375,True,2.478723404255319
2023-12-08,141.0,232.0,188.0,10897.0,466.0,False,False,False,11129.0,-278.0,0.0,-1331.0,10947.285714285714,10649.57142857143,179.3420514785364,True,2.478723404255319
2023-12-09,141.0,232.0,188.0,10897.0,466.0,False,False,False,11129.0,-278.0,0.0,-1382.0,11014.285714285714,10725.5,136.6537159948258,True,2.478723404255319
2023-12-10,158.0,226.0,191.0,10871.0,411.0,False,False,False,11097.0,-220.0,-0.0023859777920528513,-1382.0,11054.714285714286,10800.92857142857,105.9334921630543,True,2.1518324607329844
2023-12-11,96.0,160.0,233.0,10998.0,304.0,True,False,True,11158.0,-71.0,0.011682457915555222,-1436.0,11099.714285714286,10869.0,56.27525887864522,True,1.3047210300429184
2023-12-12,141.0,173.0,129.0,11077.0,259.0,False,False,False,11250.0,-130.0,0.007183124204400704,-1472.0,11136.714285714286,10935.0,58.00205250843057,True,2.007751937984496
2023-12-13,116.0,181.0,182.0,11192.0,335.0,True,False,True,11373.0,-153.0,0.010381872348108612,-1408.0,11180.714285714286,10997.0,97.74237273835078,True,1.8406593406593406
2023-12-14,150.0,157.0,201.0,11242.0,396.0,True,False,True,11399.0,-195.0,0.004467476769120848,-1325.0,11219.285714285714,11049.785714285714,123.74801585690798,True,1.9701492537313432
2023-12-15,150.0,157.0,201.0,11242.0,396.0,True,False,True,11399.0,-195.0,0.0,-1242.0,11257.857142857143,11102.57142857143,132.67306756494307,True,1.9701492537313432
2023-12-16,150.0,157.0,201.0,11242.0,396.0,True,False,True,11399.0,-195.0,0.0,-1159.0,11296.42857142857,11155.357142857143,128.1377606883848,True,1.9701492537313432
2023-12-17,80.0,176.0,125.0,11092.0,456.0,False,False,False,11268.0,-331.0,-0.013342821561999618,-1270.0,11320.857142857143,11187.785714285714,96.06842799322898,True,3.648
2023-12-18,116.0,188.0,164.0,11149.0,364.0,False,False,False,11337.0,-200.0,0.005138838802740686,-1399.0,11346.42857142857,11223.07142857143,63.94752312820583,True,2.2195121951219514
2023-12-19,105.0,185.0,158.0,11291.0,272.0,False,False,False,11476.0,-114.0,0.012736568302089912,-1383.0,11378.714285714286,11257.714285714286,64.1994659519642,True,1.7215189873417722
2023-12-20,136.0,246.0,123.0,11516.0,390.0,False,False,False,11762.0,-267.0,0.019927375786024326,-1497.0,11434.285714285714,11307.5,158.10725714479204,True,3.1707317073170733
2023-12-21,128.0,228.0,177.0,11375.0,497.0,False,False,False,11603.0,-320.0,-0.012243834664814157,-1622.0,11463.42857142857,11341.357142857143,168.9485692379873,True,2.8079096045197742
2023-12-22,128.0,228.0,177.0,11375.0,497.0,False,False,False,11603.0,-320.0,0.0,-1747.0,11492.57142857143,11375.214285714286,173.51547206967535,True,2.8079096045197742
2023-12-23,128.0,228.0,177.0,11375.0,497.0,False,False,False,11603.0,-320.0,0.0,-1872.0,11521.714285714286,11409.07142857143,172.30758765024635,True,2.8079096045197742
2023-12-24,128.0,228.0,177.0,11375.0,497.0,False,False,False,11603.0,-320.0,0.0,-1861.0,11569.57142857143,11445.214285714286,131.87349638028311,True,2.8079096045197742
2023-12-25,90.0,196.0,205.0,11144.0,347.0,True,False,True,11340.0,-142.0,-0.02030769230769236,-1803.0,11570.0,11458.214285714286,130.9936385221618,True,1.6926829268292682
2023-12-26,56.0,82.0,68.0,11217.0,288.0,False,False,False,11299.0,-220.0,0.00655061019382619,-1909.0,11544.714285714286,11461.714285714286,164.8663239168229,True,4.235294117647059
2023-12-27,74.0,103.0,80.0,11206.0,335.0,False,False,False,11309.0,-255.0,-0.0009806543639119258,-1897.0,11480.0,11457.142857142857,153.9036495125335,True,4.1875
2023-12-28,68.0,107.0,102.0,11230.0,357.0,False,False,False,11337.0,-255.0,0.002141709798322289,-1832.0,11442.0,11452.714285714286,151.2889068414389,True,3.5
2023-12-29,68.0,107.0,102.0,11230.0,357.0,False,False,False,11337.0,-255.0,0.0,-1767.0,11404.0,11448.285714285714,136.82470537130726,True,3.5
2023-12-30,68.0,107.0,102.0,11230.0,357.0,False,False,False,11337.0,-255.0,0.0,-1702.0,11366.0,11443.857142857143,105.75600849729126,True,3.5
2023-12-31,68.0,107.0,102.0,11230.0,357.0,False,False,False,11337.0,-255.0,0.0,-1637.0,11328.0,11448.785714285714,16.683325006723322,True,3.5
2024-01-01,92.0,124.0,93.0,10870.0,290.0,False,False,False,10994.0,-197.0,-0.032056990204808566,-1692.0,11278.57142857143,11424.285714285714,126.47774131271787,True,3.118279569892473
2024-01-02,113.0,162.0,107.0,10770.0,316.0,False,False,False,10932.0,-209.0,-0.009199632014719406,-1681.0,11226.142857142857,11385.42857142857,180.9386899581141,True,2.953271028037383
2024-01-03,106.0,196.0,131.0,10718.0,263.0,False,False,False,10914.0,-132.0,-0.004828226555246062,-1558.0,11169.714285714286,11324.857142857143,210.04421303268973,True,2.0076335877862594
2024-01-04,86.0,152.0,168.0,10558.0,362.0,True,False,True,10710.0,-194.0,-0.014928158238477374,-1497.0,11080.142857142857,11261.07142857143,255.57218717437877,True,2.1547619047619047
2024-01-05,86.0,152.0,168.0,10558.0,362.0,True,False,True,10710.0,-194.0,0.0,-1436.0,10990.57142857143,11197.285714285714,260.37527861577206,True,2.1547619047619047
2024-01-06,86.0,152.0,168.0,10558.0,362.0,True,False,True,10710.0,-194.0,0.0,-1375.0,10901.0,11133.5,227.05285728208221,True,2.1547619047619047
2024-01-07,84.0,118.0,136.0,9670.0,367.0,True,False,True,9788.0,-231.0,-0.08410683841636679,-1351.0,10679.714285714286,11003.857142857143,411.3432120446398,True,2.698529411764706
2024-01-08,59.0,64.0,117.0,9670.0,367.0,True,False,True,9734.0,-250.0,0.0,-1404.0,10499.714285714286,10889.142857142857,513.8124542040669,True,3.1367521367521367
2024-01-09,62.0,97.0,52.0,9311.0,286.0,False,False,False,9408.0,-234.0,-0.037125129265770385,-1429.0,10282.0,10754.07142857143,613.3503620824243,True,5.5
2024-01-10,91.0,75.0,97.0,9144.0,349.0,True,False,True,9219.0,-252.0,-0.017935774889915157,-1549.0,10039.857142857143,10604.785714285714,655.401258408764,True,3.597938144329897
2024-01-11,29.0,51.0,11.0,8829.0,476.0,False,False,False,8880.0,-465.0,-0.034448818897637845,-1820.0,9778.42857142857,10429.285714285714,706.5252666260014,False,43.27272727272727
2024-01-12,29.0,51.0,11.0,8829.0,476.0,False,False,False,8880.0,-465.0,0.0,-2091.0,9517.0,10253.785714285714,639.7918932486289,False,43.27272727272727
2024-01-13,29.0,51.0,11.0,8829.0,476.0,False,False,False,8880.0,-465.0,0.0,-2362.0,9255.57142857143,10078.285714285714,400.022439846765,False,43.27272727272727
2024-01-14,29.0,51.0,11.0,8829.0,476.0,False,False,False,8880.0,-465.0,0.0,-2596.0,9125.857142857143,9902.785714285714,341.54083629509546,False,43.27272727272727
2024-01-15,33.0,53.0,34.0,8033.0,234.0,False,False,False,8086.0,-200.0,-0.09015743572318491,-2546.0,8890.42857142857,9695.07142857143,412.9930819206333,False,6.882352941176471
2024-01-16,32.0,49.0,39.0,8133.0,188.0,False,False,False,8182.0,-149.0,0.012448649321548544,-2461.0,8715.285714285714,9498.642857142857,416.8623730864423,False,4.82051282051282
2024-01-17,80.0,176.0,125.0,8072.0,353.0,False,False,False,8248.0,-228.0,-0.007500307389647132,-2437.0,8576.57142857143,9308.214285714286,381.3532295842158,False,2.824
2024-01-18,116.0,188.0,164.0,8042.0,359.0,False,False,False,8230.0,-195.0,-0.003716551040634286,-2167.0,8483.714285714286,9131.07142857143,374.2252950143804,False,2.1890243902439024
2024-01-19,116.0,188.0,164.0,8042.0,359.0,False,False,False,8230.0,-195.0,0.0,-1897.0,8390.857142857143,8953.92857142857,338.43730515981986,False,2.1890243902439024
2024-01-20,116.0,188.0,164.0,8042.0,359.0,False,False,False,8230.0,-195.0,0.0,-1627.0,8298.0,8776.785714285714,262.5185707717348,False,2.1890243902439024
2024-01-21,105.0,185.0,158.0,7974.0,371.0,False,False,False,8159.0,-213.0,-0.008455608057697073,-1375.0,8195.0,8660.42857142857,57.4891294075441,False,2.348101265822785
2024-01-22,136.0,246.0,123.0,8008.0,222.0,False,False,False,8254.0,-99.0,0.004263857536995319,-1274.0,8219.0,8554.714285714286,35.11409973268027,False,1.8048780487804879
2024-01-23,128.0,228.0,177.0,8133.0,202.0,False,False,False,8361.0,-25.0,0.015609390609390594,-1150.0,8244.57142857143,8479.92857142857,60.02182142900084,False,1.1412429378531073
2024-01-24,90.0,196.0,205.0,8212.0,243.0,True,False,True,8408.0,-38.0,0.009713512848887218,-960.0,8267.42857142857,8422.0,86.27061520386951,False,1.1853658536585365
2024-01-25,102.0,189.0,155.0,8180.0,293.0,False,False,False,8369.0,-138.0,-0.003896736483195329,-903.0,8287.285714285714,8385.5,92.02484136691498,False,1.8903225806451613
2024-01-26,102.0,189.0,155.0,8180.0,293.0,False,False,False,8369.0,-138.0,0.0,-846.0,8307.142857142857,8349.0,92.59846753866914,False,1.8903225806451613
2024-01-27,102.0,189.0,155.0,8180.0,293.0,False,False,False,8369.0,-138.0,0.0,-789.0,8327.0,8312.5,88.09275414792323,False,1.8903225806451613
2024-01-28,120.0,257.0,126.0,8004.0,307.0,False,False,False,8261.0,-181.0,-0.021515892420537863,-757.0,8341.57142857143,8268.285714285714,59.45266224191864,False,2.4365079365079363
2024-01-29,137.0,272.0,166.0,8057.0,195.0,False,False,False,8329.0,-29.0,0.006621689155422272,-687.0,8352.285714285714,8285.642857142857,46.35628071725596,False,1.1746987951807228
2024-01-30,93.0,198.0,208.0,8182.0,187.0,True,False,True,8380.0,21.0,0.015514459476231757,-641.0,8355.0,8299.785714285714,47.493859252527045,False,0.8990384615384616
2024-01-31,203.0,477.0,258.0,8153.0,266.0,False,False,False,8630.0,-8.0,-0.0035443656807626622,-611.0,8386.714285714286,8327.07142857143,114.97059665527162,False,1.0310077519379846
2024-02-01,222.0,459.0,289.0,8026.0,337.0,False,False,False,8485.0,-48.0,-0.01557708818839687,-521.0,8403.285714285714,8345.285714285714,120.23132465627205,False,1.166089965397924
2024-02-02,222.0,459.0,289.0,8026.0,337.0,False,False,False,8485.0,-48.0,0.0,-431.0,8419.857142857143,8363.5,122.68717478682409,False,1.166089965397924
2024-02-03,222.0,459.0,289.0,8026.0,337.0,False,False,False,8485.0,-48.0,0.0,-341.0,8436.42857142857,8381.714285714286,122.50694829674639,False,1.166089965397924
2024-02-04,253.0,531.0,248.0,7813.0,342.0,False,False,False,8344.0,-94.0,-0.026538749065536993,-254.0,8448.285714285714,8394.92857142857,105.53943068161949,False,1.3790322580645162
2024-02-05,157.0,466.0,345.0,7872.0,242.0,False,False,False,8338.0,103.0,0.0075515167029309715,-122.0,8449.57142857143,8400.92857142857,103.88592644971021,False,0.7014492753623188
2024-02-06,291.0,455.0,323.0,8045.0,178.0,False,False,False,8500.0,145.0,0.02197662601626016,2.0,8466.714285714286,8410.857142857143,100.33230500990085,False,0.5510835913312694
2024-02-07,227.0,453.0,330.0,8160.0,222.0,False,False,False,8613.0,108.0,0.01429459291485391,118.0,8464.285714285714,8425.5,95.8257346885474,False,0.6727272727272727
2024-02-08,298.0,499.0,358.0,8188.0,315.0,False,False,False,8687.0,43.0,0.0034313725490195957,209.0,8493.142857142857,8448.214285714286,128.08776752876872,False,0.8798882681564246
2024-02-09,298.0,499.0,358.0,8188.0,315.0,False,False,False,8687.0,43.0,0.0,300.0,8522.0,8470.92857142857,147.2661988827046,False,0.8798882681564246
2024-02-10,298.0,499.0,358.0,8188.0,315.0,False,False,False,8687.0,43.0,0.0,391.0,8550.857142857143,8493.642857142857,158.19337172324606,False,0.8798882681564246
2024-02-11,205.0,515.0,226.0,8056.0,347.0,False,False,False,8571.0,-121.0,-0.016121152906692693,364.0,8583.285714285714,8515.785714285714,129.36088317286448,False,1.5353982300884956
2024-02-12,213.0,430.0,440.0,8092.0,234.0,True,False,True,8522.0,206.0,0.004468718967229446,467.0,8609.57142857143,8529.57142857143,80.78749313875073,False,0.5318181818181819
2024-02-13,227.0,369.0,349.0,8348.0,160.0,False,False,False,8717.0,189.0,0.03163618388531875,511.0,8640.57142857143,8553.642857142857,72.99282417454604,False,0.4584527220630373
2024-02-14,185.0,322.0,272.0,8512.0,230.0,False,False,False,8834.0,42.0,0.01964542405366565,445.0,8672.142857142857,8568.214285714286,101.36144660158403,False,0.8455882352941176
2024-02-15,333.0,508.0,272.0,8463.0,312.0,False,False,False,8971.0,-40.0,-0.005756578947368474,362.0,8712.714285714286,8602.92857142857,152.32499716700005,False,1.1470588235294117
2024-02-16,333.0,508.0,272.0,8463.0,312.0,False,False,False,8971.0,-40.0,0.0,279.0,8753.285714285714,8637.642857142857,179.69670214538039,False,1.1470588235294117
2024-02-17,333.0,508.0,272.0,8463.0,312.0,False,False,False,8971.0,-40.0,0.0,196.0,8793.857142857143,8672.357142857143,193.74762671362643,False,1.1470588235294117
2024-02-18,333.0,508.0,272.0,8463.0,312.0,False,False,False,8971.0,-40.0,0.0,277.0,8851.0,8717.142857142857,175.15992692399317,False,1.1470588235294117
2024-02-19,249.0,420.0,371.0,8380.0,218.0,False,False,False,8800.0,153.0,-0.009807396904171095,224.0,8890.714285714286,8750.142857142857,105.99168880273535,False,0.5876010781671159
2024-02-20,149.0,395.0,273.0,8488.0,192.0,False,False,False,8883.0,81.0,0.01288782816229106,116.0,8914.42857142857,8777.5,74.55614694736057,False,0.7032967032967034
2024-02-21,232.0,430.0,318.0,8573.0,231.0,False,False,False,9003.0,87.0,0.010014137606032092,161.0,8938.57142857143,8805.357142857143,71.46994040132807,False,0.7264150943396226
2024-02-22,165.0,400.0,292.0,8607.0,293.0,False,False,False,9007.0,-1.0,0.003965939577744049,200.0,8943.714285714286,8828.214285714286,75.38062148360832,False,1.0034246575342465
2024-02-23,165.0,400.0,292.0,8607.0,293.0,False,False,False,9007.0,-1.0,0.0,239.0,8948.857142857143,8851.07142857143,78.70711228234964,False,1.0034246575342465
2024-02-24,165.0,400.0,292.0,8607.0,293.0,False,False,False,9007.0,-1.0,0.0,278.0,8954.0,8873.92857142857,81.52095845047131,False,1.0034246575342465
2024-02-25,244.0,482.0,366.0,8404.0,329.0,False,False,False,8886.0,37.0,-0.023585453700476378,355.0,8941.857142857143,8896.42857142857,84.83008226543119,False,0.8989071038251366
2024-02-26,199.0,438.0,326.0,8404.0,329.0,False,False,False,8842.0,-3.0,0.0,199.0,8947.857142857143,8919.285714285714,73.90631134862393,False,1.00920245398773
2024-02-27,197.0,369.0,306.0,8650.0,206.0,False,False,False,9019.0,100.0,0.029271775345073747,218.0,8967.285714285714,8940.857142857143,71.86263351182396,False,0.673202614379085
2024-02-28,209.0,447.0,274.0,8699.0,257.0,False,False,False,9146.0,17.0,0.0056647398843929775,148.0,8987.714285714286,8963.142857142857,98.93384032736785,False,0.9379562043795621
2024-02-29,262.0,444.0,354.0,8724.0,299.0,False,False,False,9168.0,55.0,0.0028738935509828867,204.0,9010.714285714286,8977.214285714286,120.52346145842638,False,0.844632768361582
2024-03-01,262.0,444.0,354.0,8724.0,299.0,False,False,False,9168.0,55.0,0.0,260.0,9033.714285714286,8991.285714285714,134.27423963138708,False,0.844632768361582
2024-03-02,262.0,444.0,354.0,8724.0,299.0,False,False,False,9168.0,55.0,0.0,316.0,9056.714285714286,9005.357142857143,142.4742249037354,False,0.844632768361582
2024-03-03,236.0,468.0,347.0,8594.0,354.0,False,False,False,9062.0,-7.0,-0.014901421366345757,272.0,9081.857142857143,9011.857142857143,121.27988095238467,False,1.0201729106628241
2024-03-04,225.0,509.0,340.0,8660.0,229.0,False,False,False,9169.0,111.0,0.007679776588317422,386.0,9128.57142857143,9038.214285714286,61.967349313706094,False,0.6735294117647059
2024-03-05,246.0,472.0,345.0,8800.0,214.0,False,False,False,9272.0,131.0,0.01616628175519641,417.0,9164.714285714286,9066.0,61.18473198916116,True,0.6202898550724638
2024-03-06,230.0,457.0,277.0,8870.0,232.0,False,False,False,9327.0,45.0,0.007954545454545547,445.0,9190.57142857143,9089.142857142857,85.40854200624669,True,0.8375451263537906
2024-03-07,181.0,424.0,328.0,8902.0,305.0,False,False,False,9326.0,23.0,0.0036076662908681723,413.0,9213.142857142857,9111.92857142857,98.34705311882173,True,0.9298780487804879
2024-03-08,181.0,424.0,328.0,8902.0,305.0,False,False,False,9326.0,23.0,0.0,381.0,9235.714285714286,9134.714285714286,104.21566466668025,True,0.9298780487804879
2024-03-09,181.0,424.0,328.0,8902.0,305.0,False,False,False,9326.0,23.0,0.0,349.0,9258.285714285714,9157.5,104.21566466667866,True,0.9298780487804879
2024-03-10,190.0,368.0,326.0,8714.0,373.0,False,False,False,9082.0,-47.0,-0.021118849696697417,309.0,9261.142857142857,9171.5,98.02793576572451,False,1.1441717791411044
2024-03-11,178.0,336.0,290.0,8757.0,253.0,False,False,False,9093.0,37.0,0.004934588019279262,235.0,9250.285714285714,9189.42857142857,112.99957859177059,False,0.8724137931034482
2024-03-12,154.0,294.0,290.0,8843.0,213.0,False,False,False,9137.0,77.0,0.009820714856686008,181.0,9231.0,9197.857142857143,119.98055397999559,False,0.7344827586206897
2024-03-13,165.0,358.0,167.0,8819.0,239.0,False,False,False,9177.0,-72.0,-0.00271401108221192,64.0,9209.57142857143,9200.07142857143,113.17958759260758,True,1.4311377245508983
2024-03-14,166.0,301.0,252.0,8695.0,310.0,False,False,False,8996.0,-58.0,-0.014060551082889172,-17.0,9162.42857142857,9187.785714285714,124.73820203784213,False,1.2301587301587302
2024-03-15,166.0,301.0,252.0,8695.0,310.0,False,False,False,8996.0,-58.0,0.0,-98.0,9115.285714285714,9175.5,114.55961226331031,False,1.2301587301587302
2024-03-16,166.0,301.0,252.0,8695.0,310.0,False,False,False,8996.0,-58.0,0.0,-179.0,9068.142857142857,9163.214285714286,74.17867746524065,False,1.2301587301587302
2024-03-17,127.0,260.0,259.0,8373.0,342.0,False,False,False,8633.0,-83.0,-0.03703277745830935,-215.0,9004.0,9132.57142857143,179.52344322311706,False,1.3204633204633205
2024-03-18,123.0,243.0,188.0,8333.0,283.0,False,False,False,8576.0,-95.0,-0.004777260241251691,-347.0,8930.142857142857,9090.214285714286,234.68093841886937,False,1.5053191489361701
2024-03-19,99.0,202.0,256.0,8390.0,197.0,True,False,True,8592.0,59.0,0.006840273610944525,-365.0,8852.285714285714,9041.642857142857,244.8024470777563,False,0.76953125
2024-03-20,91.0,181.0,174.0,8365.0,227.0,False,False,False,8546.0,-53.0,-0.0029797377830751426,-346.0,8762.142857142857,8985.857142857143,220.25018242254404,False,1.3045977011494252
2024-03-21,132.0,261.0,141.0,8292.0,235.0,False,False,False,8553.0,-94.0,-0.008726838015540972,-382.0,8698.857142857143,8930.642857142857,204.97026497478035,False,1.6666666666666667
2024-03-22,132.0,261.0,141.0,8292.0,235.0,False,False,False,8553.0,-94.0,0.0,-418.0,8635.57142857143,8875.42857142857,161.77232678770815,False,1.6666666666666667
2024-03-23,132.0,261.0,141.0,8292.0,235.0,False,False,False,8553.0,-94.0,0.0,-454.0,8572.285714285714,8820.214285714286,31.345995415617573,False,1.6666666666666667
2024-03-24,124.0,264.0,221.0,7899.0,373.0,False,False,False,8163.0,-152.0,-0.04739507959479017,-523.0,8505.142857142857,8754.57142857143,151.74916646833813,False,1.6877828054298643
2024-03-25,128.0,242.0,224.0,7899.0,229.0,False,False,False,8141.0,-5.0,0.0,-433.0,8443.0,8686.57142857143,199.46344694377913,False,1.0223214285714286
2024-03-26,187.0,276.0,200.0,7919.0,208.0,False,False,False,8195.0,-8.0,0.0025319660716547343,-500.0,8386.285714285714,8619.285714285714,206.35787222347426,False,1.04
2024-03-27,129.0,287.0,185.0,7893.0,215.0,False,False,False,8180.0,-30.0,-0.00328324283369108,-477.0,8334.0,8548.07142857143,205.51155685272147,False,1.162162162162162
2024-03-28,161.0,288.0,248.0,7762.0,360.0,False,False,False,8050.0,-112.0,-0.016596984669960735,-495.0,8262.142857142857,8480.5,204.10816460194278,False,1.4516129032258065
2024-03-29,161.0,288.0,248.0,7762.0,360.0,False,False,False,8050.0,-112.0,0.0,-513.0,8190.285714285715,8412.92857142857,170.40316339572598,False,1.4516129032258065
2024-03-30,161.0,288.0,248.0,7762.0,360.0,False,False,False,8050.0,-112.0,0.0,-531.0,8118.428571428572,8345.357142857143,66.07787613354047,False,1.4516129032258065
2024-03-31,105.0,254.0,151.0,7257.0,287.0,False,False,False,7511.0,-136.0,-0.06506055140427724,-515.0,8025.285714285715,8265.214285714286,235.3902534698646,False,1.900662251655629
2024-04-01,109.0,235.0,171.0,7271.0,172.0,False,False,False,7506.0,-1.0,0.0019291718340912478,-511.0,7934.571428571428,8188.785714285715,297.5219079569154,False,1.0058479532163742
2024-04-02,101.0,230.0,175.0,7340.0,132.0,False,False,False,7570.0,43.0,0.009489753816531499,-460.0,7845.285714285715,8115.785714285715,300.11148722090616,False,0.7542857142857143
2024-04-03,124.0,230.0,190.0,7346.0,163.0,False,False,False,7576.0,27.0,0.0008174386920980492,-403.0,7759.0,8046.5,273.48552673473307,False,0.8578947368421053
2024-04-04,95.0,226.0,152.0,7317.0,225.0,False,False,False,7543.0,-73.0,-0.00394772665396137,-364.0,7686.571428571428,7974.357142857143,249.67302426906568,False,1.480263157894737
2024-04-05,95.0,226.0,152.0,7317.0,225.0,False,False,False,7543.0,-73.0,0.0,-325.0,7614.142857142857,7902.214285714285,194.00638182936135,False,1.480263157894737
2024-04-06,95.0,226.0,152.0,7317.0,225.0,False,False,False,7543.0,-73.0,0.0,-286.0,7541.714285714285,7830.071428571428,26.455713219451194,False,1.480263157894737
2024-04-07,106.0,239.0,233.0,6982.0,279.0,False,False,False,7221.0,-46.0,-0.04578379117124509,-196.0,7500.285714285715,7762.785714285715,125.23273571747887,False,1.1974248927038627
2024-04-08,102.0,230.0,167.0,6988.0,199.0,False,False,False,7218.0,-32.0,0.0008593526210254332,-227.0,7459.142857142857,7696.857142857143,164.26749381376732,False,1.1916167664670658
2024-04-09,118.0,231.0,217.0,7043.0,130.0,False,False,False,7274.0,87.0,0.007870635374928492,-183.0,7416.857142857143,7631.071428571428,169.0043673711527,False,0.5990783410138248
2024-04-10,117.0,244.0,142.0,6999.0,227.0,False,False,False,7243.0,-85.0,-0.006247337782195106,-295.0,7369.285714285715,7564.142857142857,163.5203496875941,False,1.5985915492957747
2024-04-11,183.0,221.0,220.0,6912.0,285.0,False,False,False,7133.0,-65.0,-0.01243034719245606,-287.0,7310.714285714285,7498.642857142857,164.35400237075928,False,1.2954545454545454
2024-04-12,183.0,221.0,220.0,6912.0,285.0,False,False,False,7133.0,-65.0,0.0,-279.0,7252.142857142857,7433.142857142857,138.8553546819861,False,1.2954545454545454
2024-04-13,183.0,221.0,220.0,6912.0,285.0,False,False,False,7133.0,-65.0,0.0,-271.0,7193.571428571428,7367.642857142857,59.53670336583051,False,1.2954545454545454
2024-04-14,128.0,245.0,243.0,6630.0,290.0,False,False,False,6875.0,-47.0,-0.04079861111111116,-272.0,7144.142857142857,7322.214285714285,132.22509667430435,False,1.1934156378600822
2024-04-15,144.0,303.0,176.0,6681.0,191.0,False,False,False,6984.0,-15.0,0.007692307692307665,-255.0,7110.714285714285,7284.928571428572,139.80309281971722,False,1.0852272727272727
2024-04-16,219.0,392.0,205.0,6685.0,163.0,False,False,False,7077.0,42.0,0.0005987127675497472,-300.0,7082.571428571428,7249.714285714285,119.86083199975451,False,0.7951219512195122
2024-04-17,182.0,371.0,274.0,6725.0,227.0,False,False,False,7096.0,47.0,0.005983545250560995,-168.0,7061.571428571428,7215.428571428572,97.94191670410487,False,0.8284671532846716
2024-04-18,144.0,322.0,258.0,6728.0,260.0,False,False,False,7050.0,-2.0,0.0004460966542751965,-105.0,7049.714285714285,7180.214285714285,92.73926584045425,False,1.0077519379844961
2024-04-19,144.0,322.0,258.0,6728.0,260.0,False,False,False,7050.0,-2.0,0.0,-42.0,7037.857142857143,7145.0,85.32570650473069,False,1.0077519379844961
2024-04-20,144.0,322.0,258.0,6728.0,260.0,False,False,False,7050.0,-2.0,0.0,21.0,7026.0,7109.785714285715,75.04887296548046,False,1.0077519379844961
2024-04-21,208.0,380.0,343.0,6745.0,240.0,False,False,False,7125.0,103.0,0.0025267538644471177,171.0,7061.714285714285,7102.928571428572,44.4698935081505,False,0.6997084548104956
2024-04-22,176.0,424.0,251.0,6799.0,214.0,False,False,False,7223.0,37.0,0.00800593031875474,223.0,7095.857142857143,7103.285714285715,62.820985271884744,False,0.852589641434263
2024-04-23,252.0,427.0,307.0,6967.0,134.0,False,False,False,7394.0,173.0,0.024709516105309692,354.0,7141.142857142857,7111.857142857143,127.70855958207909,False,0.4364820846905538
2024-04-24,253.0,411.0,307.0,7128.0,154.0,False,False,False,7539.0,153.0,0.023108942155877665,460.0,7204.428571428572,7133.0,194.1106704460224,False,0.501628664495114
2024-04-25,145.0,357.0,333.0,7209.0,217.0,False,False,False,7566.0,116.0,0.011363636363636465,578.0,7278.142857142857,7163.928571428572,221.70658430425541,False,0.6516516516516516
2024-04-26,145.0,357.0,333.0,7209.0,217.0,False,False,False,7566.0,116.0,0.0,696.0,7351.857142857143,7194.857142857143,218.97444947723562,False,0.6516516516516516
2024-04-27,145.0,357.0,333.0,7209.0,217.0,False,False,False,7566.0,116.0,0.0,814.0,7425.571428571428,7225.785714285715,184.57234999045704,False,0.6516516516516516
2024-04-28,158.0,349.0,365.0,7298.0,250.0,True,False,True,7647.0,115.0,0.012345679012345734,826.0,7500.142857142857,7280.928571428572,143.8534306989422,False,0.684931506849315
2024-04-29,140.0,292.0,255.0,7373.0,187.0,False,False,False,7665.0,68.0,0.010276788161140082,857.0,7563.285714285715,7329.571428571428,88.15084474136329,False,0.7333333333333333
2024-04-30,220.0,443.0,194.0,7431.0,135.0,False,False,False,7874.0,59.0,0.007866540078665496,743.0,7631.857142857143,7386.5,116.61536286950303,False,0.6958762886597938
2024-05-01,197.0,437.0,295.0,7508.0,190.0,False,False,False,7945.0,105.0,0.010361997039429527,695.0,7689.857142857143,7447.142857142857,156.78161942816493,False,0.6440677966101694
2024-05-02,206.0,411.0,293.0,7577.0,194.0,False,False,False,7988.0,99.0,0.009190197123068788,678.0,7750.142857142857,7514.142857142857,180.55048100328233,False,0.6621160409556314
2024-05-03,206.0,411.0,293.0,7577.0,194.0,False,False,False,7988.0,99.0,0.0,661.0,7810.428571428572,7581.142857142857,179.2659636247906,False,0.6621160409556314
2024-05-04,206.0,411.0,293.0,7577.0,194.0,False,False,False,7988.0,99.0,0.0,644.0,7870.714285714285,7648.142857142857,152.29545220374226,False,0.6621160409556314
2024-05-05,150.0,315.0,228.0,7447.0,332.0,False,False,False,7762.0,-104.0,-0.017157186221459675,425.0,7887.142857142857,7693.642857142857,128.48142352306562,False,1.456140350877193
2024-05-06,173.0,337.0,211.0,7449.0,205.0,False,False,False,7786.0,6.0,0.0002685645226265798,363.0,7904.428571428572,7733.857142857143,98.17986409810541,False,0.9715639810426541
2024-05-07,176.0,334.0,246.0,7566.0,163.0,False,False,False,7900.0,83.0,0.015706806282722585,387.0,7908.142857142857,7770.0,97.324934406243,False,0.6626016260162602
2024-05-08,167.0,374.0,205.0,7583.0,202.0,False,False,False,7957.0,3.0,0.002246893999471311,285.0,7909.857142857143,7799.857142857143,98.18422916731316,False,0.9853658536585366
2024-05-09,138.0,285.0,268.0,7570.0,244.0,False,False,False,7855.0,24.0,-0.0017143610708163504,210.0,7890.857142857143,7820.5,93.28884994385206,False,0.9104477611940298
2024-05-10,138.0,285.0,268.0,7570.0,244.0,False,False,False,7855.0,24.0,0.0,135.0,7871.857142857143,7841.142857142857,83.20542564749186,False,0.9104477611940298
2024-05-11,138.0,285.0,268.0,7570.0,244.0,False,False,False,7855.0,24.0,0.0,60.0,7852.857142857143,7861.785714285715,65.58309886838768,False,0.9104477611940298
2024-05-12,138.0,301.0,263.0,7464.0,245.0,False,False,False,7765.0,18.0,-0.014002642007926003,182.0,7853.285714285715,7870.214285714285,64.89662108776756,False,0.9315589353612167
2024-05-13,112.0,331.0,167.0,7499.0,157.0,False,False,False,7830.0,10.0,0.004689174705251986,186.0,7859.571428571428,7882.0,59.17166310256474,False,0.9401197604790419
2024-05-14,246.0,419.0,218.0,7546.0,186.0,False,False,False,7965.0,32.0,0.006267502333644481,135.0,7868.857142857143,7888.5,70.57485050531123,False,0.8532110091743119
2024-05-15,115.0,285.0,341.0,7589.0,265.0,True,False,True,7874.0,76.0,0.005698383249403749,208.0,7857.0,7883.428571428572,59.382938066174354,False,0.7771260997067448
2024-05-16,206.0,340.0,214.0,7565.0,234.0,False,False,False,7905.0,-20.0,-0.003162471998945815,164.0,7864.142857142857,7877.5,62.04951939524157,False,1.0934579439252337
2024-05-17,206.0,340.0,214.0,7565.0,234.0,False,False,False,7905.0,-20.0,0.0,120.0,7871.285714285715,7871.571428571428,63.67813409595326,False,1.0934579439252337
2024-05-18,206.0,340.0,214.0,7565.0,234.0,False,False,False,7905.0,-20.0,0.0,76.0,7878.428571428572,7865.642857142857,64.34764212973414,False,1.0934579439252337
2024-05-19,143.0,295.0,278.0,7356.0,298.0,False,False,False,7651.0,-20.0,-0.02762723066754791,38.0,7862.142857142857,7857.714285714285,101.52574151669029,False,1.0719424460431655
2024-05-20,111.0,268.0,217.0,7368.0,192.0,False,False,False,7636.0,25.0,0.0016313213703098572,53.0,7834.428571428572,7847.0,133.27647597253318,False,0.8847926267281107
2024-05-21,196.0,348.0,176.0,7404.0,145.0,False,False,False,7752.0,31.0,0.004885993485342022,52.0,7804.0,7836.428571428572,122.36557250048754,False,0.8238636363636364
2024-05-22,168.0,349.0,272.0,7474.0,208.0,False,False,False,7823.0,64.0,0.009454349000540319,40.0,7796.714285714285,7826.857142857143,118.97438699965485,False,0.7647058823529411
2024-05-23,193.0,272.0,314.0,7494.0,227.0,True,False,True,7766.0,87.0,0.0026759432700027563,147.0,7776.857142857143,7820.5,109.07708065331053,False,0.7229299363057324
2024-05-24,193.0,272.0,314.0,7494.0,227.0,True,False,True,7766.0,87.0,0.0,254.0,7757.0,7814.142857142857,93.38450977922595,False,0.7229299363057324
2024-05-25,193.0,272.0,314.0,7494.0,227.0,True,False,True,7766.0,87.0,0.0,361.0,7737.142857142857,7807.785714285715,67.99614835059597,False,0.7229299363057324
2024-05-26,193.0,272.0,314.0,7494.0,227.0,True,False,True,7766.0,87.0,0.0,468.0,7753.571428571428,7807.857142857143,56.662324763980614,False,0.7229299363057324
2024-05-27,156.0,344.0,252.0,7365.0,167.0,False,False,False,7709.0,85.0,-0.01721377101681343,528.0,7764.0,7799.214285714285,33.33166662559146,False,0.6626984126984127
2024-05-28,153.0,348.0,239.0,7418.0,151.0,False,False,False,7766.0,88.0,0.007196198234894702,585.0,7766.0,7785.0,32.908965344409275,False,0.6317991631799164
2024-05-29,182.0,462.0,158.0,7491.0,141.0,False,False,False,7953.0,17.0,0.009840927473712568,538.0,7784.571428571428,7790.642857142857,77.24820848618369,False,0.8924050632911392
2024-05-30,167.0,406.0,339.0,7563.0,190.0,False,False,False,7969.0,149.0,0.009611533840608644,600.0,7813.571428571428,7795.214285714285,102.94473783374112,False,0.56047197640118
2024-05-31,167.0,406.0,339.0,7563.0,190.0,False,False,False,7969.0,149.0,0.0,662.0,7842.571428571428,7799.785714285715,115.17646915779784,False,0.56047197640118
2024-06-01,167.0,406.0,339.0,7563.0,190.0,False,False,False,7969.0,149.0,0.0,724.0,7871.571428571428,7804.357142857143,118.2001933768438,False,0.56047197640118
2024-06-02,159.0,330.0,322.0,7546.0,306.0,False,False,False,7876.0,16.0,-0.002247785270395375,653.0,7887.285714285715,7820.428571428572,108.76076848727219,False,0.9503105590062112
2024-06-03,109.0,244.0,257.0,7596.0,224.0,True,False,True,7840.0,33.0,0.0066260270341902405,601.0,7906.0,7835.0,80.5936308486611,False,0.8715953307392996
2024-06-04,260.0,356.0,176.0,7565.0,203.0,False,False,False,7921.0,-27.0,-0.004081095313322791,486.0,7928.142857142857,7847.071428571428,51.905133244982196,False,1.1534090909090908
2024-06-05,173.0,345.0,291.0,7691.0,198.0,False,False,False,8036.0,93.0,0.016655651024454654,562.0,7940.0,7862.285714285715,66.07571414700168,False,0.6804123711340206
2024-06-06,179.0,326.0,282.0,7741.0,238.0,False,False,False,8067.0,44.0,0.00650110518788205,457.0,7954.0,7883.785714285715,81.76388770948545,False,0.8439716312056738
2024-06-07,179.0,326.0,282.0,7741.0,238.0,False,False,False,8067.0,44.0,0.0,352.0,7968.0,7905.285714285715,92.45178923833267,False,0.8439716312056738
2024-06-08,179.0,326.0,282.0,7741.0,238.0,False,False,False,8067.0,44.0,0.0,247.0,7982.0,7926.785714285715,99.75971130689723,False,0.8439716312056738
2024-06-09,116.0,289.0,166.0,7451.0,312.0,False,False,False,7740.0,-146.0,-0.03746286009559485,85.0,7962.571428571428,7924.928571428572,131.90761557868785,False,1.8795180722891567
2024-06-10,184.0,334.0,229.0,7439.0,212.0,False,False,False,7773.0,17.0,-0.0016105220775735063,69.0,7953.0,7929.5,144.14691579554992,False,0.925764192139738
2024-06-11,186.0,352.0,224.0,7493.0,156.0,False,False,False,7845.0,68.0,0.007259040193574373,164.0,7942.142857142857,7935.142857142857,149.71353598515762,False,0.6964285714285714
2024-06-12,152.0,266.0,274.0,7548.0,212.0,True,False,True,7814.0,62.0,0.00734018417189386,133.0,7910.428571428572,7925.214285714285,150.03094918823422,False,0.7737226277372263
2024-06-13,167.0,293.0,230.0,7544.0,259.0,False,False,False,7837.0,-29.0,-0.0005299417064122958,60.0,7877.571428571428,7915.785714285715,134.39724345259623,False,1.126086956521739
2024-06-14,167.0,293.0,230.0,7544.0,259.0,False,False,False,7837.0,-29.0,0.0,-13.0,7844.714285714285,7906.357142857143,105.34184715459796,False,1.126086956521739
2024-06-15,167.0,293.0,230.0,7544.0,259.0,False,False,False,7837.0,-29.0,0.0,-86.0,7811.857142857143,7896.928571428572,40.1514988161253,False,1.126086956521739
2024-06-16,204.0,315.0,233.0,7307.0,294.0,False,False,False,7622.0,-61.0,-0.03141569459172855,-1.0,7795.0,7878.785714285715,80.17273019366004,False,1.261802575107296
2024-06-17,159.0,310.0,272.0,7318.0,224.0,False,False,False,7628.0,48.0,0.0015054057752839078,30.0,7774.285714285715,7863.642857142857,102.44301551892414,False,0.8235294117647058
2024-06-18,160.0,297.0,253.0,7340.0,214.0,False,False,False,7637.0,39.0,0.003006285870456482,1.0,7744.571428571428,7843.357142857143,108.5001645820197,False,0.8458498023715415
2024-06-19,204.0,321.0,246.0,7433.0,198.0,False,False,False,7754.0,48.0,0.01267029972752054,-13.0,7736.0,7823.214285714285,104.39348638703378,False,0.8048780487804879
2024-06-20,145.0,247.0,243.0,7431.0,235.0,False,False,False,7678.0,8.0,-0.00026907036189960376,24.0,7713.285714285715,7795.428571428572,95.68997559102867,False,0.9670781893004116
2024-06-21,145.0,247.0,243.0,7431.0,235.0,False,False,False,7678.0,8.0,0.0,61.0,7690.571428571428,7767.642857142857,78.8117105151661,False,0.9670781893004116
2024-06-22,145.0,247.0,243.0,7431.0,235.0,False,False,False,7678.0,8.0,0.0,98.0,7667.857142857143,7739.857142857143,45.41082312823526,False,0.9670781893004116
2024-06-23,102.0,227.0,201.0,7247.0,294.0,False,False,False,7474.0,-93.0,-0.024761135782532584,66.0,7646.714285714285,7720.857142857143,86.3340687597476,False,1.462686567164179
2024-06-24,116.0,175.0,172.0,7239.0,202.0,False,False,False,7414.0,-30.0,-0.0011039050641644677,-12.0,7616.142857142857,7695.214285714285,123.81764625388206,False,1.1744186046511629
2024-06-25,172.0,263.0,191.0,7239.0,202.0,False,False,False,7502.0,-11.0,0.0,-62.0,7596.857142857143,7670.714285714285,130.36797737117746,False,1.057591623036649
2024-06-26,132.0,235.0,197.0,7268.0,187.0,False,False,False,7503.0,10.0,0.004006078187595019,-100.0,7561.0,7648.5,113.3504888978269,False,0.949238578680203
2024-06-27,174.0,208.0,256.0,7248.0,268.0,True,False,True,7456.0,-12.0,-0.0027517886626307053,-120.0,7529.285714285715,7621.285714285715,105.97596313291282,False,1.046875
2024-06-28,174.0,208.0,256.0,7248.0,268.0,True,False,True,7456.0,-12.0,0.0,-140.0,7497.571428571428,7594.071428571428,85.2444663756157,False,1.046875
2024-06-29,174.0,208.0,256.0,7248.0,268.0,True,False,True,7456.0,-12.0,0.0,-160.0,7465.857142857143,7566.857142857143,30.910777902234962,False,1.046875
2024-06-30,123.0,230.0,167.0,6874.0,273.0,False,False,False,7104.0,-106.0,-0.051600441501103766,-173.0,7413.0,7529.857142857143,139.67223537045427,False,1.6347305389221556
2024-07-01,123.0,233.0,159.0,6825.0,229.0,False,False,False,7058.0,-70.0,-0.007128309572301372,-213.0,7362.142857142857,7489.142857142857,193.63576509482135,False,1.440251572327044
2024-07-02,141.0,232.0,188.0,6823.0,184.0,False,False,False,7055.0,4.0,-0.0002930402930403364,-198.0,7298.285714285715,7447.571428571428,212.6034762069679,False,0.9787234042553191
2024-07-03,141.0,232.0,188.0,6823.0,184.0,False,False,False,7055.0,4.0,0.0,-204.0,7234.285714285715,7397.642857142857,208.09029633459974,False,0.9787234042553191
2024-07-04,158.0,226.0,191.0,6790.0,225.0,False,False,False,7016.0,-34.0,-0.004836582148614932,-226.0,7171.428571428572,7350.357142857143,196.06279363426043,False,1.1780104712041886
2024-07-05,158.0,226.0,191.0,6790.0,225.0,False,False,False,7016.0,-34.0,0.0,-248.0,7108.571428571428,7303.071428571428,156.078887257925,False,1.1780104712041886
2024-07-06,158.0,226.0,191.0,6790.0,225.0,False,False,False,7016.0,-34.0,0.0,-270.0,7045.714285714285,7255.785714285715,32.58176527792614,False,1.1780104712041886
2024-07-07,96.0,160.0,233.0,6599.0,213.0,True,False,True,6759.0,20.0,-0.02812960235640649,-144.0,6996.428571428572,7204.714285714285,106.59402288281098,False,0.9141630901287554
2024-07-08,141.0,173.0,129.0,6617.0,123.0,False,False,False,6790.0,6.0,0.0027276860130323044,-68.0,6958.142857142857,7160.142857142857,126.97431311305645,False,0.9534883720930233
2024-07-09,116.0,181.0,182.0,6651.0,130.0,True,False,True,6832.0,52.0,0.005138280187396038,-20.0,6926.285714285715,7112.285714285715,126.59741214559527,False,0.7142857142857143
2024-07-10,150.0,157.0,201.0,6649.0,177.0,True,False,True,6806.0,24.0,-0.0003007066606525166,0.0,6890.714285714285,7062.5,119.1675491145237,False,0.8805970149253731
2024-07-11,80.0,176.0,125.0,6640.0,197.0,False,False,False,6816.0,-72.0,-0.0013535870055647603,-38.0,6862.142857142857,7016.785714285715,107.53050508515125,False,1.576
2024-07-12,80.0,176.0,125.0,6640.0,197.0,False,False,False,6816.0,-72.0,0.0,-76.0,6833.571428571428,6971.071428571428,83.78515608991322,False,1.576
2024-07-13,80.0,176.0,125.0,6640.0,197.0,False,False,False,6816.0,-72.0,0.0,-114.0,6805.0,6925.357142857143,23.923489155903034,False,1.576
2024-07-14,116.0,188.0,164.0,6308.0,237.0,False,False,False,6496.0,-73.0,-0.050000000000000044,-207.0,6767.428571428572,6881.928571428572,120.35898684496189,False,1.4451219512195121
2024-07-15,105.0,185.0,158.0,6283.0,171.0,False,False,False,6468.0,-13.0,-0.003963221306277798,-226.0,6721.428571428572,6839.785714285715,163.9378511744006,False,1.0822784810126582
2024-07-16,136.0,246.0,123.0,6239.0,173.0,False,False,False,6485.0,-50.0,-0.007003024033105154,-328.0,6671.857142857143,6799.071428571428,176.88266221011614,False,1.4065040650406504
2024-07-17,128.0,228.0,177.0,6228.0,187.0,False,False,False,6456.0,-10.0,-0.0017631030613880494,-362.0,6621.857142857143,6756.285714285715,182.0370187366818,False,1.0564971751412429
2024-07-18,128.0,228.0,177.0,6228.0,187.0,False,False,False,6456.0,-10.0,0.0,-300.0,6570.428571428572,6716.285714285715,168.38829842861085,False,1.0564971751412429
2024-07-19,128.0,228.0,177.0,6228.0,187.0,False,False,False,6456.0,-10.0,0.0,-238.0,6519.0,6676.285714285715,131.91032307366325,False,1.0564971751412429
2024-07-20,128.0,228.0,177.0,6228.0,187.0,False,False,False,6456.0,-10.0,0.0,-176.0,6467.571428571428,6636.285714285715,16.571633826659475,False,1.0564971751412429
2024-07-21,90.0,196.0,205.0,6058.0,262.0,True,False,True,6254.0,-57.0,-0.02729608220937696,-160.0,6433.0,6600.214285714285,79.67224527232284,False,1.278048780487805
2024-07-22,102.0,189.0,155.0,6002.0,234.0,False,False,False,6191.0,-79.0,-0.009243974909210917,-226.0,6393.428571428572,6557.428571428572,118.64773792345547,False,1.5096774193548388
2024-07-23,120.0,257.0,126.0,5965.0,170.0,False,False,False,6222.0,-44.0,-0.006164611796067976,-220.0,6355.857142857143,6513.857142857143,126.21731071401221,False,1.3492063492063493
2024-07-24,137.0,272.0,166.0,5927.0,177.0,False,False,False,6199.0,-11.0,-0.006370494551550698,-221.0,6319.142857142857,6470.5,129.56649331731148,False,1.0662650602409638
2024-07-25,93.0,198.0,208.0,5954.0,194.0,True,False,True,6152.0,14.0,0.004555424329340196,-197.0,6275.714285714285,6423.071428571428,126.97075028777716,False,0.9326923076923077
2024-07-26,93.0,198.0,208.0,5954.0,194.0,True,False,True,6152.0,14.0,0.0,-173.0,6232.285714285715,6375.642857142857,105.14230719351409,False,0.9326923076923077
2024-07-27,93.0,198.0,208.0,5954.0,194.0,True,False,True,6152.0,14.0,0.0,-149.0,6188.857142857143,6328.214285714285,39.843144837569994,False,0.9326923076923077
2024-07-28,152.0,290.0,199.0,5743.0,207.0,False,False,False,6033.0,-8.0,-0.0354383607658717,-100.0,6157.285714285715,6295.142857142857,61.36696800377857,False,1.0402010050251256
2024-07-29,114.0,210.0,219.0,5819.0,163.0,True,False,True,6029.0,56.0,0.013233501654187796,35.0,6134.142857142857,6263.785714285715,75.46175316376294,False,0.7442922374429224
2024-07-30,125.0,203.0,208.0,5930.0,92.0,True,False,True,6133.0,116.0,0.0190754425158961,195.0,6121.428571428572,6238.642857142857,64.95859487159342,False,0.4423076923076923
2024-07-31,140.0,261.0,163.0,5963.0,154.0,False,False,False,6224.0,9.0,0.005564924114671133,215.0,6125.0,6222.071428571428,70.39412854355128,False,0.9447852760736196
2024-08-01,227.0,298.0,212.0,6016.0,169.0,False,False,False,6314.0,43.0,0.008888143551903482,244.0,6148.142857142857,6211.928571428572,100.80910767658077,False,0.7971698113207547
2024-08-02,227.0,298.0,212.0,6016.0,169.0,False,False,False,6314.0,43.0,0.0,273.0,6171.285714285715,6201.785714285715,118.82720547911832,False,0.7971698113207547
2024-08-03,227.0,298.0,212.0,6016.0,169.0,False,False,False,6314.0,43.0,0.0,302.0,6194.428571428572,6191.642857142857,129.72131300480459,False,0.7971698113207547
2024-08-04,63.0,167.0,143.0,5943.0,170.0,False,False,False,6110.0,-27.0,-0.012134308510638347,283.0,6205.428571428572,6181.357142857143,116.32405475376517,False,1.1888111888111887
2024-08-05,172.0,259.0,138.0,5950.0,150.0,False,False,False,6209.0,-12.0,0.0011778563015312216,215.0,6231.142857142857,6182.642857142857,87.02955163169378,False,1.0869565217391304
2024-08-06,163.0,283.0,200.0,5998.0,143.0,False,False,False,6281.0,57.0,0.00806722689075623,156.0,6252.285714285715,6186.857142857143,76.56090012951677,False,0.715
2024-08-07,135.0,273.0,207.0,6038.0,174.0,False,False,False,6311.0,33.0,0.006668889629876551,180.0,6264.714285714285,6194.857142857143,78.24686210092781,False,0.8405797101449275
2024-08-08,119.0,230.0,213.0,6084.0,174.0,False,False,False,6314.0,39.0,0.0076184166942696585,176.0,6264.714285714285,6206.428571428572,78.24686210092781,False,0.8169014084507042
2024-08-09,119.0,230.0,213.0,6084.0,174.0,False,False,False,6314.0,39.0,0.0,172.0,6264.714285714285,6218.0,78.24686210092781,False,0.8169014084507042
2024-08-10,119.0,230.0,213.0,6084.0,174.0,False,False,False,6314.0,39.0,0.0,168.0,6264.714285714285,6229.571428571428,78.24686210092781,False,0.8169014084507042
2024-08-11,95.0,211.0,140.0,5894.0,249.0,False,False,False,6105.0,-109.0,-0.031229454306377358,86.0,6264.0,6234.714285714285,79.89993742219208,False,1.7785714285714285
2024-08-12,109.0,219.0,155.0,5903.0,148.0,False,False,False,6122.0,7.0,0.00152697658635903,105.0,6251.571428571428,6241.357142857143,95.18553311483923,False,0.9548387096774194
2024-08-13,162.0,239.0,189.0,5981.0,123.0,False,False,False,6220.0,66.0,0.013213620193122111,114.0,6242.857142857143,6247.571428571428,94.83394007709897,False,0.6507936507936508
2024-08-14,109.0,226.0,191.0,5987.0,178.0,False,False,False,6213.0,13.0,0.0010031767262999036,94.0,6228.857142857143,6246.785714285715,90.21904560871322,False,0.9319371727748691
2024-08-15,124.0,241.0,156.0,5895.0,220.0,False,False,False,6136.0,-64.0,-0.015366627693335522,-9.0,6203.428571428572,6234.071428571428,87.2579645707129,False,1.4102564102564104
2024-08-16,124.0,241.0,156.0,5895.0,220.0,False,False,False,6136.0,-64.0,0.0,-112.0,6178.0,6221.357142857143,74.6971663902897,False,1.4102564102564104
2024-08-17,124.0,241.0,156.0,5895.0,220.0,False,False,False,6136.0,-64.0,0.0,-215.0,6152.571428571428,6208.642857142857,45.128915870997226,False,1.4102564102564104
2024-08-18,86.0,244.0,235.0,5821.0,178.0,False,False,False,6065.0,57.0,-0.01255301102629347,-49.0,6146.857142857143,6205.428571428572,53.84678440305248,False,0.7574468085106383
2024-08-19,176.0,254.0,162.0,5865.0,158.0,False,False,False,6119.0,4.0,0.007558838687510727,-52.0,6146.428571428572,6199.0,54.08899192711657,False,0.9753086419753086
2024-08-20,136.0,274.0,245.0,5995.0,112.0,False,False,False,6269.0,133.0,0.022165387894288235,15.0,6153.428571428572,6198.142857142857,66.8601952910564,False,0.45714285714285713
2024-08-21,134.0,245.0,167.0,6028.0,156.0,False,False,False,6273.0,11.0,0.005504587155963359,13.0,6162.0,6195.428571428572,78.58753081801402,False,0.9341317365269461
2024-08-22,182.0,307.0,205.0,6054.0,171.0,False,False,False,6361.0,34.0,0.00431320504313204,111.0,6194.142857142857,6198.785714285715,107.04271510576741,False,0.8341463414634146
2024-08-23,182.0,307.0,205.0,6054.0,171.0,False,False,False,6361.0,34.0,0.0,209.0,6226.285714285715,6202.142857142857,119.70618792962362,False,0.8341463414634146
2024-08-24,182.0,307.0,205.0,6054.0,171.0,False,False,False,6361.0,34.0,0.0,307.0,6258.428571428572,6205.5,121.61531858427999,False,0.8341463414634146
2024-08-25,182.0,307.0,205.0,6054.0,171.0,False,False,False,6361.0,34.0,0.0,284.0,6300.714285714285,6223.785714285715,90.67471953071566,False,0.8341463414634146
2024-08-26,182.0,307.0,205.0,6054.0,171.0,False,False,False,6361.0,34.0,0.0,314.0,6335.285714285715,6240.857142857143,43.93068132835046,False,0.8341463414634146
2024-08-27,149.0,285.0,222.0,6152.0,97.0,False,False,False,6437.0,125.0,0.0161876445325404,306.0,6359.285714285715,6256.357142857143,47.43316099494575,False,0.4369369369369369
2024-08-28,170.0,285.0,178.0,6227.0,134.0,False,False,False,6512.0,44.0,0.012191157347204218,339.0,6393.428571428572,6277.714285714285,59.463874588014974,False,0.7528089887640449
2024-08-29,145.0,295.0,188.0,6250.0,169.0,False,False,False,6545.0,19.0,0.003693592420106029,324.0,6419.714285714285,6306.928571428572,79.89725545122012,False,0.898936170212766
2024-08-30,145.0,295.0,188.0,6250.0,169.0,False,False,False,6545.0,19.0,0.0,309.0,6446.0,6336.142857142857,87.28688332198244,False,0.898936170212766
2024-08-31,145.0,295.0,188.0,6250.0,169.0,False,False,False,6545.0,19.0,0.0,294.0,6472.285714285715,6365.357142857143,85.1013401498633,False,0.898936170212766
2024-09-01,145.0,295.0,188.0,6250.0,169.0,False,False,False,6545.0,19.0,0.0,279.0,6498.571428571428,6399.642857142857,72.47955376759437,False,0.898936170212766
2024-09-02,133.0,270.0,198.0,6192.0,129.0,False,False,False,6462.0,69.0,-0.009279999999999955,314.0,6513.0,6424.142857142857,45.59605246140797,False,0.6515151515151515
2024-09-03,131.0,263.0,177.0,6272.0,112.0,False,False,False,6535.0,65.0,0.012919896640826822,254.0,6527.0,6443.142857142857,31.11805478169201,False,0.632768361581921
2024-09-04,121.0,231.0,219.0,6375.0,114.0,False,False,False,6606.0,105.0,0.01642219387755106,315.0,6540.428571428572,6466.928571428572,41.959731263220725,False,0.5205479452054794
2024-09-05,126.0,230.0,175.0,6448.0,121.0,False,False,False,6678.0,54.0,0.011450980392156973,350.0,6559.428571428572,6489.571428571428,67.00959419626268,False,0.6914285714285714
2024-09-06,126.0,230.0,175.0,6448.0,121.0,False,False,False,6678.0,54.0,0.0,385.0,6578.428571428572,6512.214285714285,79.85999654195184,False,0.6914285714285714
2024-09-07,126.0,230.0,175.0,6448.0,121.0,False,False,False,6678.0,54.0,0.0,420.0,6597.428571428572,6534.857142857143,86.15462290370726,False,0.6914285714285714
2024-09-08,123.0,255.0,164.0,6312.0,221.0,False,False,False,6567.0,-57.0,-0.021091811414392092,344.0,6600.571428571428,6549.571428571428,84.3047194073177,False,1.3475609756097562
2024-09-09,144.0,275.0,190.0,6353.0,141.0,False,False,False,6628.0,49.0,0.006495564005069676,324.0,6624.285714285715,6568.642857142857,58.105405043750025,False,0.7421052631578947
2024-09-10,131.0,251.0,180.0,6396.0,148.0,False,False,False,6647.0,32.0,0.006768455847631083,291.0,6640.285714285715,6583.642857142857,42.83578833130564,False,0.8222222222222222
2024-09-11,93.0,248.0,175.0,6410.0,162.0,False,False,False,6658.0,13.0,0.002188868042526604,199.0,6647.714285714285,6594.071428571428,40.33490748674394,False,0.9257142857142857
2024-09-12,184.0,280.0,210.0,6360.0,220.0,False,False,False,6640.0,-10.0,-0.007800312012480548,135.0,6642.285714285715,6600.857142857143,38.07323769567054,False,1.0476190476190477
2024-09-13,81.0,200.0,212.0,6326.0,279.0,True,False,True,6526.0,-67.0,-0.005345911949685589,14.0,6620.571428571428,6599.5,54.22747502585105,False,1.3160377358490567
2024-09-14,81.0,200.0,212.0,6326.0,279.0,True,False,True,6526.0,-67.0,0.0,-107.0,6598.857142857143,6598.142857142857,57.71894134976031,False,1.3160377358490567
2024-09-15,98.0,220.0,167.0,6234.0,210.0,False,False,False,6454.0,-43.0,-0.014543155232374372,-93.0,6582.714285714285,6591.642857142857,79.72183784028543,False,1.2574850299401197
2024-09-16,113.0,209.0,160.0,6229.0,164.0,False,False,False,6438.0,-4.0,-0.0008020532563361993,-146.0,6555.571428571428,6589.928571428572,92.97644350953169,False,1.025
2024-09-17,159.0,304.0,139.0,6227.0,160.0,False,False,False,6531.0,-21.0,-0.0003210788248515506,-199.0,6539.0,6589.642857142857,83.8550336397834,False,1.1510791366906474
2024-09-18,116.0,213.0,217.0,6245.0,149.0,True,False,True,6458.0,68.0,0.0028906375461699163,-144.0,6510.428571428572,6579.071428571428,69.37304265838698,False,0.6866359447004609
2024-09-19,93.0,196.0,169.0,6270.0,188.0,False,False,False,6466.0,-19.0,0.004003202562049557,-153.0,6485.571428571428,6563.928571428572,40.28174583707964,False,1.1124260355029585
2024-09-20,93.0,196.0,169.0,6270.0,188.0,False,False,False,6466.0,-19.0,0.0,-105.0,6477.0,6548.785714285715,36.44630754133572,False,1.1124260355029585
2024-09-21,93.0,196.0,169.0,6270.0,188.0,False,False,False,6466.0,-19.0,0.0,-57.0,6468.428571428572,6533.642857142857,29.370377043606315,False,1.1124260355029585
2024-09-22,124.0,234.0,161.0,5989.0,197.0,False,False,False,6223.0,-36.0,-0.04481658692185009,-50.0,6435.428571428572,6509.071428571428,97.96233484194111,False,1.2236024844720497
2024-09-23,92.0,203.0,173.0,6002.0,165.0,False,False,False,6205.0,8.0,0.002170646184671998,-38.0,6402.142857142857,6478.857142857143,130.96746233527892,False,0.953757225433526
2024-09-24,186.0,259.0,172.0,6023.0,143.0,False,False,False,6282.0,29.0,0.003498833722092698,12.0,6366.571428571428,6452.785714285715,123.75224865709151,False,0.8313953488372093
2024-09-25,154.0,225.0,220.0,6050.0,169.0,False,False,False,6275.0,51.0,0.004482815872488777,-5.0,6340.428571428572,6425.428571428572,120.50568056190293,False,0.7681818181818182
2024-09-26,91.0,199.0,172.0,6090.0,185.0,False,False,False,6289.0,-13.0,0.006611570247933907,1.0,6315.142857142857,6400.357142857143,107.64978490710178,False,1.0755813953488371
2024-09-27,91.0,199.0,172.0,6090.0,185.0,False,False,False,6289.0,-13.0,0.0,7.0,6289.857142857143,6383.428571428572,84.63732149912363,False,1.0755813953488371
2024-09-28,91.0,199.0,172.0,6090.0,185.0,False,False,False,6289.0,-13.0,0.0,13.0,6264.571428571428,6366.5,35.30749279812422,False,1.0755813953488371
2024-09-29,81.0,213.0,153.0,5925.0,177.0,False,False,False,6138.0,-24.0,-0.027093596059113323,25.0,6252.428571428572,6343.928571428572,58.7930186985662,False,1.1568627450980393
2024-09-30,209.0,285.0,184.0,5967.0,138.0,False,False,False,6252.0,46.0,0.007088607594936791,63.0,6259.142857142857,6330.642857142857,55.037649452111985,False,0.75
2024-10-01,184.0,314.0,217.0,6040.0,137.0,False,False,False,6354.0,80.0,0.012233953410424103,114.0,6269.428571428572,6318.0,65.71366459387356,False,0.631336405529954
2024-10-02,107.0,215.0,230.0,6091.0,173.0,True,False,True,6306.0,57.0,0.00844370860927146,120.0,6273.857142857143,6307.142857142857,67.17992897594586,False,0.7521739130434782
2024-10-03,101.0,162.0,178.0,6118.0,193.0,True,False,True,6280.0,-15.0,0.004432769660154268,118.0,6272.571428571428,6293.857142857143,66.92746606854335,False,1.0842696629213484
2024-10-04,101.0,162.0,178.0,6118.0,193.0,True,False,True,6280.0,-15.0,0.0,116.0,6271.285714285715,6280.571428571428,66.64511556477169,False,1.0842696629213484
2024-10-05,101.0,162.0,178.0,6118.0,193.0,True,False,True,6280.0,-15.0,0.0,114.0,6270.0,6267.285714285715,66.33249580763854,False,1.0842696629213484
2024-10-06,101.0,162.0,178.0,6118.0,193.0,True,False,True,6280.0,-15.0,0.0,123.0,6290.285714285715,6271.357142857143,32.13364947591878,False,1.0842696629213484
2024-10-07,99.0,190.0,176.0,5968.0,153.0,False,False,False,6158.0,23.0,-0.024517816279829963,100.0,6276.857142857143,6268.0,59.11409468600828,False,0.8693181818181818
2024-10-08,167.0,239.0,166.0,6013.0,123.0,False,False,False,6252.0,43.0,0.007540214477211871,63.0,6262.285714285715,6265.857142857143,48.558261521345074,False,0.7409638554216867
2024-10-09,115.0,216.0,169.0,6047.0,137.0,False,False,False,6263.0,32.0,0.005654415433228088,38.0,6256.142857142857,6265.0,44.67075318983268,False,0.8106508875739645
2024-10-10,84.0,158.0,193.0,6075.0,159.0,True,False,True,6233.0,34.0,0.004630395237307683,87.0,6249.428571428572,6261.0,44.01460796550015,False,0.8238341968911918
2024-10-11,84.0,158.0,193.0,6075.0,159.0,True,False,True,6233.0,34.0,0.0,136.0,6242.714285714285,6257.0,42.11774877620978,False,0.8238341968911918
2024-10-12,84.0,158.0,193.0,6075.0,159.0,True,False,True,6233.0,34.0,0.0,185.0,6236.0,6253.0,38.79862540612359,False,0.8238341968911918
2024-10-13,130.0,227.0,192.0,5889.0,210.0,False,False,False,6116.0,-18.0,-0.030617283950617247,182.0,6212.571428571428,6251.428571428572,54.24284021285961,False,1.09375
2024-10-14,88.0,214.0,160.0,5935.0,106.0,False,False,False,6149.0,54.0,0.007811173374087321,213.0,6211.285714285715,6244.071428571428,55.83521674215629,False,0.6625
2024-10-15,113.0,208.0,159.0,6013.0,107.0,False,False,False,6221.0,52.0,0.01314237573715249,222.0,6206.857142857143,6234.571428571428,53.236668351946435,False,0.6729559748427673
2024-10-16,174.0,285.0,150.0,6036.0,129.0,False,False,False,6321.0,21.0,0.0038250457342425825,211.0,6215.142857142857,6235.642857142857,66.33357262514113,False,0.86
2024-10-17,104.0,230.0,206.0,6076.0,160.0,False,False,False,6306.0,46.0,0.0066269052352552205,223.0,6225.571428571428,6237.5,74.80609855502469,False,0.7766990291262136
2024-10-18,104.0,230.0,206.0,6076.0,160.0,False,False,False,6306.0,46.0,0.0,235.0,6236.0,6239.357142857143,80.85790004737542,False,0.7766990291262136
2024-10-19,104.0,230.0,206.0,6076.0,160.0,False,False,False,6306.0,46.0,0.0,247.0,6246.428571428572,6241.214285714285,85.00756268919096,False,0.7766990291262136
2024-10-20,147.0,276.0,214.0,5918.0,195.0,False,False,False,6194.0,19.0,-0.02600394996708366,284.0,6257.571428571428,6235.071428571428,68.5877956662581,False,0.9112149532710281
2024-10-21,108.0,220.0,213.0,5966.0,154.0,False,False,False,6186.0,59.0,0.00811084825954711,289.0,6262.857142857143,6237.071428571428,59.672519000625584,False,0.7230046948356808
2024-10-22,180.0,280.0,146.0,6043.0,109.0,False,False,False,6323.0,37.0,0.012906469996647685,274.0,6277.428571428572,6242.142857142857,60.199272263229304,False,0.7465753424657534
2024-10-23,134.0,294.0,186.0,6077.0,138.0,False,False,False,6371.0,48.0,0.005626344530862193,301.0,6284.571428571428,6249.857142857143,68.60966196065624,False,0.7419354838709677
2024-10-24,134.0,294.0,186.0,6077.0,138.0,False,False,False,6371.0,48.0,0.0,303.0,6293.857142857143,6259.714285714285,75.9943606934908,False,0.7419354838709677
2024-10-25,134.0,294.0,186.0,6077.0,138.0,False,False,False,6371.0,48.0,0.0,305.0,6303.142857142857,6269.571428571428,81.49729764770585,False,0.7419354838709677
2024-10-26,134.0,294.0,186.0,6077.0,138.0,False,False,False,6371.0,48.0,0.0,307.0,6312.428571428572,6279.428571428572,85.48266323854594,False,0.7419354838709677
2024-10-27,202.0,313.0,158.0,5974.0,192.0,False,False,False,6287.0,-34.0,-0.016949152542372836,254.0,6325.714285714285,6291.642857142857,69.79664339092491,False,1.2151898734177216
2024-10-28,110.0,272.0,193.0,6008.0,156.0,False,False,False,6280.0,37.0,0.005691329092735176,232.0,6339.142857142857,6301.0,41.90635819551679,False,0.8082901554404145
2024-10-29,166.0,277.0,229.0,6106.0,126.0,False,False,False,6383.0,103.0,0.016311584553928116,298.0,6347.714285714285,6312.571428571428,44.1312976088316,False,0.5502183406113537
2024-10-30,136.0,276.0,178.0,6149.0,160.0,False,False,False,6425.0,18.0,0.007042253521126751,268.0,6355.428571428572,6320.0,52.75685466698447,False,0.898876404494382
2024-10-31,87.0,246.0,173.0,6148.0,177.0,False,False,False,6394.0,-4.0,-0.0001626280696047644,216.0,6358.714285714285,6326.285714285715,54.57323607140775,False,1.023121387283237
2024-11-01,87.0,246.0,173.0,6148.0,177.0,False,False,False,6394.0,-4.0,0.0,164.0,6362.0,6332.571428571428,56.107040557022785,False,1.023121387283237
2024-11-02,87.0,246.0,173.0,6148.0,177.0,False,False,False,6394.0,-4.0,0.0,112.0,6365.285714285715,6338.857142857143,57.380932622594415,False,1.023121387283237
2024-11-03,84.0,171.0,157.0,5990.0,184.0,False,False,False,6161.0,-27.0,-0.02569941444372148,119.0,6347.285714285715,6336.5,94.0668455335848,False,1.1719745222929936
2024-11-04,167.0,209.0,157.0,6007.0,132.0,False,False,False,6216.0,25.0,0.0028380634390650084,107.0,6338.142857142857,6338.642857142857,104.25518144059335,False,0.8407643312101911
2024-11-05,109.0,245.0,159.0,6045.0,126.0,False,False,False,6290.0,33.0,0.006325953054769462,37.0,6324.857142857143,6336.285714285715,103.50914383382504,False,0.7924528301886793
2024-11-06,156.0,256.0,176.0,6086.0,137.0,False,False,False,6342.0,39.0,0.006782464846980973,58.0,6313.0,6334.214285714285,94.48633058138975,False,0.7784090909090909
2024-11-07,125.0,232.0,192.0,6084.0,177.0,False,False,False,6316.0,15.0,-0.00032862306933945096,77.0,6301.857142857143,6330.285714285715,87.69726064067729,False,0.921875
2024-11-08,125.0,232.0,192.0,6084.0,177.0,False,False,False,6316.0,15.0,0.0,96.0,6290.714285714285,6326.357142857143,78.51266200625106,False,0.921875
2024-11-09,125.0,232.0,192.0,6084.0,177.0,False,False,False,6316.0,15.0,0.0,115.0,6279.571428571428,6322.428571428572,65.93900500479567,False,0.921875
2024-11-10,125.0,232.0,192.0,6084.0,177.0,False,False,False,6316.0,15.0,0.0,157.0,6301.714285714285,6324.5,40.66822791779969,False,0.921875
2024-11-11,118.0,139.0,168.0,5963.0,145.0,True,False,True,6102.0,23.0,-0.019888231426692937,155.0,6285.428571428572,6311.785714285715,82.26553985533013,False,0.8630952380952381
2024-11-12,142.0,235.0,139.0,5975.0,138.0,False,False,False,6210.0,1.0,0.0020124098608083063,123.0,6274.0,6299.428571428572,86.94826047754046,False,0.9928057553956835
2024-11-13,148.0,245.0,175.0,5966.0,151.0,False,False,False,6211.0,24.0,-0.0015062761506275946,108.0,6255.285714285715,6284.142857142857,83.91804391970125,False,0.8628571428571429
2024-11-14,119.0,219.0,210.0,6025.0,172.0,False,False,False,6244.0,38.0,0.00988937311431437,131.0,6245.0,6273.428571428572,79.53405979036779,False,0.819047619047619
2024-11-15,119.0,219.0,210.0,6025.0,172.0,False,False,False,6244.0,38.0,0.0,154.0,6234.714285714285,6262.714285714285,73.22730430180776,False,0.819047619047619
2024-11-16,119.0,219.0,210.0,6025.0,172.0,False,False,False,6244.0,38.0,0.0,177.0,6224.428571428572,6252.0,64.4356452673841,False,0.819047619047619
2024-11-17,105.0,210.0,149.0,5816.0,195.0,False,False,False,6026.0,-46.0,-0.03468879668049796,116.0,6183.0,6242.357142857143,85.523875809077,False,1.308724832214765
2024-11-18,143.0,203.0,163.0,5819.0,138.0,False,False,False,6022.0,25.0,0.0005158184319120629,118.0,6171.571428571428,6228.5,101.92457528826172,False,0.8466257668711656
2024-11-19,119.0,209.0,152.0,5844.0,146.0,False,False,False,6053.0,6.0,0.00429627083691364,123.0,6149.142857142857,6211.571428571428,109.08166447154974,False,0.9605263157894737
2024-11-20,155.0,212.0,181.0,5879.0,148.0,False,False,False,6091.0,33.0,0.005989048596851454,132.0,6132.0,6193.642857142857,107.15253924542095,False,0.8176795580110497
2024-11-21,109.0,214.0,173.0,5850.0,210.0,False,False,False,6064.0,-37.0,-0.00493281170267057,57.0,6106.285714285715,6175.642857142857,96.90324089169455,False,1.2138728323699421
2024-11-22,109.0,214.0,173.0,5850.0,210.0,False,False,False,6064.0,-37.0,0.0,-18.0,6080.571428571428,6157.642857142857,75.86799312640971,False,1.2138728323699421
2024-11-23,109.0,214.0,173.0,5850.0,210.0,False,False,False,6064.0,-37.0,0.0,-93.0,6054.857142857143,6139.642857142857,24.05846054690455,False,1.2138728323699421
2024-11-24,191.0,283.0,192.0,5664.0,207.0,False,False,False,5947.0,-15.0,-0.03179487179487184,-62.0,6043.571428571428,6113.285714285715,47.22590088461581,False,1.078125
2024-11-25,170.0,297.0,196.0,5715.0,129.0,False,False,False,6012.0,67.0,0.009004237288135597,-20.0,6042.142857142857,6106.857142857143,48.129784858796974,False,0.6581632653061225
2024-11-26,152.0,272.0,214.0,5826.0,112.0,False,False,False,6098.0,102.0,0.01942257217847776,76.0,6048.571428571428,6098.857142857143,52.61766858857117,False,0.5233644859813084
2024-11-27,239.0,367.0,224.0,5862.0,211.0,False,False,False,6229.0,13.0,0.006179196704428458,56.0,6068.285714285715,6100.142857142857,86.26067911848189,False,0.9419642857142857
2024-11-28,113.0,280.0,237.0,5963.0,143.0,False,False,False,6243.0,94.0,0.017229614466052645,187.0,6093.857142857143,6100.071428571428,108.45495005094139,False,0.6033755274261603
2024-11-29,113.0,280.0,237.0,5963.0,143.0,False,False,False,6243.0,94.0,0.0,318.0,6119.428571428572,6100.0,120.65772132093639,False,0.6033755274261603
2024-11-30,113.0,280.0,237.0,5963.0,143.0,False,False,False,6243.0,94.0,0.0,449.0,6145.0,6099.928571428572,125.81070436734458,False,0.6033755274261603
2024-12-01,196.0,306.0,187.0,5986.0,149.0,False,False,False,6292.0,38.0,0.0038571188998826056,502.0,6194.285714285715,6118.928571428572,100.30904626192454,False,0.7967914438502673
2024-12-02,236.0,330.0,222.0,6061.0,115.0,False,False,False,6391.0,107.0,0.012529234881389906,542.0,6248.428571428572,6145.285714285715,86.90964108978801,False,0.5180180180180181
2024-12-03,81.0,230.0,242.0,6192.0,107.0,True,False,True,6422.0,135.0,0.02161359511631744,575.0,6294.714285714285,6171.642857142857,79.3950340300936,False,0.44214876033057854
2024-12-04,118.0,245.0,160.0,6269.0,115.0,False,False,False,6514.0,45.0,0.012435400516795925,607.0,6335.428571428572,6201.857142857143,108.00132274353173,False,0.71875
2024-12-05,218.0,283.0,208.0,6310.0,150.0,False,False,False,6593.0,58.0,0.006540118041154841,571.0,6385.428571428572,6239.642857142857,135.57637102761444,False,0.7211538461538461
2024-12-06,218.0,283.0,208.0,6310.0,150.0,False,False,False,6593.0,58.0,0.0,535.0,6435.428571428572,6277.428571428572,138.79584184819396,False,0.7211538461538461
2024-12-07,218.0,283.0,208.0,6310.0,150.0,False,False,False,6593.0,58.0,0.0,499.0,6485.428571428572,6315.214285714285,119.64232409288549,False,0.7211538461538461
2024-12-08,132.0,243.0,183.0,6286.0,172.0,False,False,False,6529.0,11.0,-0.0038034865293185005,472.0,6519.285714285715,6356.785714285715,84.00935322112366,False,0.9398907103825137
2024-12-09,224.0,315.0,152.0,6268.0,174.0,False,False,False,6583.0,-22.0,-0.002863506204263455,343.0,6546.714285714285,6397.571428571428,64.13712987521741,False,1.144736842105263
2024-12-10,167.0,326.0,213.0,6310.0,149.0,False,False,False,6636.0,64.0,0.006700701978302526,272.0,6577.285714285715,6436.0,41.94724578121168,False,0.6995305164319249
2024-12-11,209.0,353.0,232.0,6402.0,152.0,False,False,False,6755.0,80.0,0.014580031695720974,307.0,6611.714285714285,6473.571428571428,70.5188255855231,False,0.6551724137931034
2024-12-12,153.0,253.0,286.0,6481.0,194.0,True,False,True,6734.0,92.0,0.012339893783192668,341.0,6631.857142857143,6508.642857142857,83.26749780395774,False,0.6783216783216783
2024-12-13,153.0,253.0,286.0,6481.0,194.0,True,False,True,6734.0,92.0,0.0,375.0,6652.0,6543.714285714285,89.14781732262709,False,0.6783216783216783
2024-12-14,153.0,253.0,286.0,6481.0,194.0,True,False,True,6734.0,92.0,0.0,409.0,6672.142857142857,6578.785714285715,89.52360688963883,False,0.6783216783216783
2024-12-15,180.0,337.0,219.0,6408.0,224.0,False,False,False,6745.0,-5.0,-0.01126369387440207,393.0,6703.0,6611.142857142857,66.1311827611344,False,1.0228310502283104
2024-12-16,133.0,287.0,189.0,6454.0,149.0,False,False,False,6741.0,40.0,0.007178526841448152,455.0,6725.571428571428,6636.142857142857,40.244490898400144,False,0.7883597883597884
2024-12-17,187.0,310.0,247.0,6506.0,151.0,False,False,False,6816.0,96.0,0.008057018903005808,487.0,6751.285714285715,6664.285714285715,29.561880216862754,False,0.611336032388664
2024-12-18,168.0,285.0,210.0,6598.0,134.0,False,False,False,6883.0,76.0,0.014140793114048478,483.0,6769.571428571428,6690.642857142857,58.07712442092033,False,0.638095238095238
2024-12-19,269.0,412.0,204.0,6600.0,238.0,False,False,False,7012.0,-34.0,0.0003031221582296961,357.0,6809.285714285715,6720.571428571428,105.43831417130701,False,1.1666666666666667
2024-12-20,269.0,412.0,204.0,6600.0,238.0,False,False,False,7012.0,-34.0,0.0,231.0,6849.0,6750.5,123.21255347317864,False,1.1666666666666667
2024-12-21,269.0,412.0,204.0,6600.0,238.0,False,False,False,7012.0,-34.0,0.0,105.0,6888.714285714285,6780.428571428572,124.76072336790953,False,1.1666666666666667
2024-12-22,100.0,255.0,236.0,6595.0,268.0,False,False,False,6850.0,-32.0,-0.0007575757575757347,78.0,6903.714285714285,6803.357142857143,110.04652695693497,False,1.1355932203389831
2024-12-23,205.0,294.0,177.0,6548.0,231.0,False,False,False,6842.0,-54.0,-0.007126611068991706,-16.0,6918.142857142857,6821.857142857143,89.94151538928459,False,1.305084745762712
2024-12-24,161.0,304.0,211.0,6622.0,155.0,False,False,False,6926.0,56.0,0.011301160659743514,-56.0,6933.857142857143,6842.571428571428,77.92823316265797,False,0.7345971563981043
2024-12-25,57.0,162.0,193.0,6689.0,107.0,True,False,True,6851.0,86.0,0.01011778918755657,-46.0,6929.285714285715,6849.428571428572,82.228774942934,False,0.5544041450777202
2024-12-26,80.0,122.0,152.0,6707.0,135.0,True,False,True,6829.0,17.0,0.0026909851995813305,5.0,6903.142857142857,6856.214285714285,80.62346344078912,False,0.8881578947368421
2024-12-27,80.0,122.0,152.0,6707.0,135.0,True,False,True,6829.0,17.0,0.0,56.0,6877.0,6863.0,68.14690014994484,False,0.8881578947368421
2024-12-28,80.0,122.0,152.0,6707.0,135.0,True,False,True,6829.0,17.0,0.0,107.0,6850.857142857143,6869.785714285715,34.54190002287887,False,0.8881578947368421
2024-12-29,107.0,170.0,133.0,6465.0,216.0,False,False,False,6635.0,-83.0,-0.03608170568063218,56.0,6820.142857142857,6861.928571428572,88.64616662434933,False,1.6240601503759398
2024-12-30,99.0,156.0,139.0,6454.0,177.0,False,False,False,6610.0,-38.0,-0.001701469450889448,72.0,6787.0,6852.571428571428,117.71575935298769,False,1.2733812949640289
2024-12-31,99.0,156.0,139.0,6454.0,177.0,False,False,False,6610.0,-38.0,0.0,-22.0,6741.857142857143,6837.857142857143,116.10688835664342,False,1.2733812949640289
2025-01-01,25.0,66.0,94.0,6405.0,144.0,True,False,True,6471.0,-50.0,-0.007592190889370909,-158.0,6687.571428571428,6808.428571428572,142.42408169854593,False,1.5319148936170213
2025-01-02,35.0,70.0,53.0,6292.0,170.0,False,False,False,6362.0,-117.0,-0.01764246682279469,-292.0,6620.857142857143,6762.0,171.5356411668851,False,3.207547169811321
2025-01-03,35.0,70.0,53.0,6292.0,170.0,False,False,False,6362.0,-117.0,0.0,-426.0,6554.142857142857,6715.571428571428,167.86644351151372,False,3.207547169811321
2025-01-04,35.0,70.0,53.0,6292.0,170.0,False,False,False,6362.0,-117.0,0.0,-560.0,6487.428571428572,6669.142857142857,128.64143596712398,False,3.207547169811321
2025-01-05,43.0,73.0,64.0,5882.0,185.0,False,False,False,5955.0,-121.0,-0.06516211061665611,-598.0,6390.285714285715,6605.214285714285,221.71206123101962,False,2.890625
2025-01-06,41.0,60.0,71.0,5769.0,190.0,True,False,True,5829.0,-119.0,-0.01921115266916018,-679.0,6278.714285714285,6532.857142857143,281.2375711540797,False,2.676056338028169
2025-01-07,65.0,83.0,65.0,5703.0,133.0,False,False,False,5786.0,-68.0,-0.0114404576183047,-709.0,6161.0,6451.428571428572,291.7156149404419,False,2.046153846153846
2025-01-08,38.0,80.0,82.0,5605.0,184.0,True,False,True,5685.0,-102.0,-0.017183938278099276,-761.0,6048.714285714285,6368.142857142857,303.53677113103913,False,2.2439024390243905
2025-01-09,56.0,82.0,68.0,5507.0,164.0,False,False,False,5589.0,-96.0,-0.017484388938447837,-740.0,5938.285714285715,6279.571428571428,311.082901215515,False,2.411764705882353
2025-01-10,56.0,82.0,68.0,5507.0,164.0,False,False,False,5589.0,-96.0,0.0,-719.0,5827.857142857143,6191.0,270.10518233441024,False,2.411764705882353
2025-01-11,56.0,82.0,68.0,5507.0,164.0,False,False,False,5589.0,-96.0,0.0,-698.0,5717.428571428572,6102.428571428572,143.83075371556032,False,2.411764705882353
2025-01-12,74.0,103.0,80.0,5092.0,235.0,False,False,False,5195.0,-155.0,-0.07535863446522606,-732.0,5608.857142857143,5999.571428571428,207.40494093419005,False,2.9375
2025-01-13,68.0,107.0,102.0,5019.0,181.0,False,False,False,5126.0,-79.0,-0.014336213668499576,-692.0,5508.428571428572,5893.571428571428,249.06080726279615,False,1.7745098039215685
2025-01-14,92.0,124.0,93.0,4957.0,139.0,False,False,False,5081.0,-46.0,-0.012353058378163029,-670.0,5407.714285714285,5784.357142857143,260.39502957753643,False,1.4946236559139785
2025-01-15,113.0,162.0,107.0,4903.0,164.0,False,False,False,5065.0,-57.0,-0.010893685696994115,-625.0,5319.142857142857,5683.928571428572,255.76188703022495,False,1.5327102803738317
2025-01-16,106.0,196.0,131.0,4881.0,159.0,False,False,False,5077.0,-28.0,-0.004487048745665967,-557.0,5246.0,5592.142857142857,238.34358952316867,False,1.213740458015267
2025-01-17,106.0,196.0,131.0,4881.0,159.0,False,False,False,5077.0,-28.0,0.0,-489.0,5172.857142857143,5500.357142857143,188.99244127019563,False,1.213740458015267
2025-01-18,106.0,196.0,131.0,4881.0,159.0,False,False,False,5077.0,-28.0,0.0,-421.0,5099.714285714285,5408.571428571428,46.3203133484692,False,1.213740458015267
2025-01-19,86.0,152.0,168.0,4628.0,176.0,True,False,True,4780.0,-8.0,-0.05183364064740836,-274.0,5040.428571428572,5324.642857142857,116.4815538232737,False,1.0476190476190477
2025-01-20,84.0,118.0,136.0,4638.0,127.0,True,False,True,4756.0,9.0,0.002160760587726962,-186.0,4987.571428571428,5248.0,150.2374311362524,False,0.9338235294117647
2025-01-21,59.0,64.0,117.0,4728.0,54.0,True,False,True,4792.0,63.0,0.019404915912031084,-77.0,4946.285714285715,5177.0,159.6952454793442,False,0.46153846153846156
2025-01-22,62.0,97.0,52.0,4717.0,83.0,False,False,False,4814.0,-31.0,-0.002326565143824011,-51.0,4910.428571428572,5114.785714285715,156.7491171089143,False,1.5961538461538463
2025-01-23,91.0,75.0,97.0,4621.0,174.0,True,False,True,4696.0,-77.0,-0.020351918592325657,-100.0,4856.0,5051.0,155.41235472169262,False,1.7938144329896908
2025-01-24,91.0,75.0,97.0,4621.0,174.0,True,False,True,4696.0,-77.0,0.0,-149.0,4801.571428571428,4987.214285714285,129.70460945714194,False,1.7938144329896908
2025-01-25,91.0,75.0,97.0,4621.0,174.0,True,False,True,4696.0,-77.0,0.0,-198.0,4747.142857142857,4923.428571428572,50.804949141688795,False,1.7938144329896908
2025-01-26,29.0,51.0,11.0,4241.0,182.0,False,False,False,4292.0,-171.0,-0.08223328283921227,-361.0,4677.428571428572,4858.928571428572,176.79635850634074,False,16.545454545454547
2025-01-27,33.0,53.0,34.0,4161.0,127.0,False,False,False,4214.0,-93.0,-0.018863475595378487,-463.0,4600.0,4793.785714285715,242.9567862813343,False,3.735294117647059
2025-01-28,32.0,49.0,39.0,4096.0,101.0,False,False,False,4145.0,-62.0,-0.015621244893054609,-588.0,4507.571428571428,4726.928571428572,278.2468071954181,False,2.58974358974359
2025-01-29,32.0,50.0,39.0,4036.0,99.0,False,False,False,4086.0,-60.0,-0.0146484375,-617.0,4403.571428571428,4657.0,280.66579006791915,False,2.5384615384615383
2025-01-30,47.0,42.0,47.0,3923.0,159.0,True,False,True,3965.0,-112.0,-0.027998017839445,-652.0,4299.142857142857,4577.571428571428,289.5781003298502,False,3.382978723404255
2025-01-31,47.0,42.0,47.0,3923.0,159.0,True,False,True,3965.0,-112.0,0.0,-687.0,4194.714285714285,4498.142857142857,251.97600036923825,False,3.382978723404255
2025-02-01,47.0,42.0,47.0,3923.0,159.0,True,False,True,3965.0,-112.0,0.0,-722.0,4090.285714285714,4418.714285714285,132.9758302427551,False,3.382978723404255
2025-02-02,20.0,22.0,41.0,3483.0,168.0,True,False,True,3505.0,-127.0,-0.112159061942391,-678.0,3977.8571428571427,4327.642857142857,230.7541466380619,False,4.097560975609756
2025-02-03,23.0,45.0,11.0,3403.0,102.0,False,False,False,3448.0,-91.0,-0.022968705139247758,-676.0,3868.4285714285716,4234.214285714285,277.08233261579187,False,9.272727272727273
2025-02-04,34.0,54.0,29.0,3359.0,74.0,False,False,False,3413.0,-45.0,-0.012929767851895368,-659.0,3763.8571428571427,4135.714285714285,292.9803341363896,False,2.5517241379310347
2025-02-05,26.0,36.0,36.0,3290.0,104.0,False,False,False,3326.0,-68.0,-0.020541827924977718,-667.0,3655.285714285714,4029.4285714285716,294.52035259967624,False,2.888888888888889
2025-02-06,25.0,32.0,27.0,3181.0,145.0,False,False,False,3213.0,-118.0,-0.03313069908814592,-673.0,3547.8571428571427,3923.5,299.822407752791,False,5.37037037037037
2025-02-07,25.0,32.0,27.0,3181.0,145.0,False,False,False,3213.0,-118.0,0.0,-679.0,3440.4285714285716,3817.5714285714284,257.1302245578342,False,5.37037037037037
2025-02-08,25.0,32.0,27.0,3181.0,145.0,False,False,False,3213.0,-118.0,0.0,-685.0,3333.0,3711.6428571428573,124.13567846063317,False,5.37037037037037
2025-02-09,15.0,13.0,23.0,2878.0,99.0,True,False,True,2891.0,-76.0,-0.0952530650738761,-634.0,3245.285714285714,3611.5714285714284,184.56319088266392,False,4.304347826086956
2025-02-10,16.0,18.0,15.0,2834.0,63.0,False,False,False,2852.0,-48.0,-0.015288394718554588,-591.0,3160.1428571428573,3514.285714285714,211.03588049752605,False,4.2
2025-02-11,11.0,22.0,12.0,2799.0,50.0,False,False,False,2821.0,-38.0,-0.01235003528581513,-584.0,3075.5714285714284,3419.714285714286,211.4362450350293,False,4.166666666666667
2025-02-12,16.0,20.0,20.0,2752.0,66.0,False,False,False,2772.0,-46.0,-0.016791711325473413,-562.0,2996.4285714285716,3325.8571428571427,205.68086699508552,False,3.3
2025-02-13,15.0,10.0,23.0,2703.0,72.0,True,False,True,2713.0,-49.0,-0.017805232558139483,-493.0,2925.0,3236.4285714285716,204.75269636051473,False,3.130434782608696
2025-02-14,15.0,10.0,23.0,2703.0,72.0,True,False,True,2713.0,-49.0,0.0,-424.0,2853.5714285714284,3147.0,172.1567668759795,False,3.130434782608696
2025-02-15,15.0,10.0,23.0,2703.0,72.0,True,False,True,2713.0,-49.0,0.0,-355.0,2782.1428571428573,3057.5714285714284,73.80701992844385,False,3.130434782608696
2025-02-16,15.0,10.0,23.0,2703.0,72.0,True,False,True,2713.0,-49.0,0.0,-328.0,2756.714285714286,3001.0,59.286632238199616,False,3.130434782608696
2025-02-17,8.0,17.0,14.0,2532.0,15.0,False,False,False,2549.0,-1.0,-0.06326304106548275,-281.0,2713.4285714285716,2936.785714285714,83.7055496837809,False,1.0714285714285714
2025-02-18,18.0,19.0,11.0,2536.0,9.0,False,False,False,2555.0,2.0,0.0015797788309637184,-241.0,2675.4285714285716,2875.5,87.04377661766372,False,0.8181818181818182
2025-02-19,12.0,17.0,17.0,2528.0,19.0,False,False,False,2545.0,-2.0,-0.003154574132492094,-197.0,2643.0,2819.714285714286,87.35368719702068,False,1.1176470588235294
2025-02-20,13.0,25.0,15.0,2520.0,32.0,False,False,False,2545.0,-17.0,-0.0031645569620253333,-165.0,2619.0,2772.0,87.99242391772204,False,2.1333333333333333
2025-02-21,13.0,25.0,15.0,2520.0,32.0,False,False,False,2545.0,-17.0,0.0,-133.0,2595.0,2724.285714285714,80.68870222600727,False,2.1333333333333333
2025-02-22,13.0,25.0,15.0,2520.0,32.0,False,False,False,2545.0,-17.0,0.0,-101.0,2571.0,2676.5714285714284,62.726921388813885,False,2.1333333333333333
2025-02-23,7.0,16.0,8.0,2423.0,35.0,False,False,False,2439.0,-27.0,-0.038492063492063466,-79.0,2531.8571428571427,2644.285714285714,41.11540089467525,False,4.375
2025-02-24,20.0,22.0,14.0,2413.0,24.0,False,False,False,2435.0,-10.0,-0.004127115146512539,-88.0,2515.5714285714284,2614.5,53.81095657831689,False,1.7142857142857142
2025-02-25,11.0,7.0,7.0,2413.0,23.0,False,False,False,2420.0,-16.0,0.0,-106.0,2496.285714285714,2585.8571428571427,61.031997854897014,False,3.2857142857142856
2025-02-26,12.0,21.0,1.0,2411.0,23.0,False,False,False,2432.0,-22.0,-0.0008288437629506706,-126.0,2480.1428571428573,2561.5714285714284,60.94376799475922,False,23.0
2025-02-27,10.0,15.0,17.0,2391.0,37.0,True,False,True,2406.0,-20.0,-0.008295313148071304,-129.0,2460.285714285714,2539.6428571428573,58.90023850117466,False,2.176470588235294
2025-02-28,10.0,15.0,17.0,2391.0,37.0,True,False,True,2406.0,-20.0,0.0,-132.0,2440.4285714285716,2517.714285714286,48.00297610090301,False,2.176470588235294
2025-03-01,10.0,15.0,17.0,2391.0,37.0,True,False,True,2406.0,-20.0,0.0,-135.0,2420.5714285714284,2495.785714285714,14.808298840341507,False,2.176470588235294
2025-03-02,12.0,24.0,4.0,2297.0,31.0,False,False,False,2321.0,-27.0,-0.03931409452112089,-135.0,2403.714285714286,2467.785714285714,38.51715759024024,False,7.75
2025-03-03,8.0,29.0,18.0,2287.0,25.0,False,False,False,2316.0,-7.0,-0.004353504571179778,-132.0,2386.714285714286,2451.1428571428573,47.5980191692074,False,1.3888888888888888
2025-03-04,4.0,25.0,10.0,2272.0,30.0,False,False,False,2297.0,-20.0,-0.00655881066899866,-136.0,2369.1428571428573,2432.714285714286,55.33663214729032,False,3.0
2025-03-05,5.0,20.0,4.0,2238.0,40.0,False,False,False,2258.0,-36.0,-0.014964788732394374,-150.0,2344.285714285714,2412.214285714286,61.16838586095214,False,10.0
2025-03-06,7.0,27.0,6.0,2218.0,33.0,False,False,False,2245.0,-27.0,-0.00893655049151032,-157.0,2321.285714285714,2390.785714285714,64.28507936399765,False,5.5
2025-03-07,7.0,27.0,6.0,2218.0,33.0,False,False,False,2245.0,-27.0,0.0,-164.0,2298.285714285714,2369.3571428571427,57.35187961613192,False,5.5
2025-03-08,7.0,27.0,6.0,2218.0,33.0,False,False,False,2245.0,-27.0,0.0,-171.0,2275.285714285714,2347.9285714285716,34.8076346343408,False,5.5
2025-03-09,12.0,25.0,15.0,2137.0,30.0,False,False,False,2162.0,-15.0,-0.036519386834986456,-159.0,2252.5714285714284,2328.1428571428573,48.99271083082844,False,2.0
2025-03-10,6.0,28.0,8.0,2125.0,23.0,False,False,False,2153.0,-15.0,-0.005615348619560145,-167.0,2229.285714285714,2308.0,52.43635598361153,False,2.875
2025-03-11,3.0,11.0,7.0,2116.0,20.0,False,False,False,2127.0,-13.0,-0.004235294117647004,-160.0,2205.0,2287.0714285714284,55.14526271829514,False,2.857142857142857
2025-03-12,6.0,18.0,2.0,2113.0,8.0,False,False,False,2131.0,-6.0,-0.0014177693761814325,-130.0,2186.8571428571427,2265.5714285714284,55.69089863475778,False,4.0
2025-03-13,4.0,20.0,9.0,2116.0,6.0,False,False,False,2136.0,3.0,0.0014197823000472454,-100.0,2171.285714285714,2246.285714285714,51.828931066630325,False,0.6666666666666666
2025-03-14,4.0,20.0,9.0,2116.0,6.0,False,False,False,2136.0,3.0,0.0,-70.0,2155.714285714286,2227.0,41.29452863891602,False,0.6666666666666666
2025-03-15,4.0,20.0,9.0,2116.0,6.0,False,False,False,2136.0,3.0,0.0,-40.0,2140.1428571428573,2207.714285714286,12.588732690349703,False,0.6666666666666666
2025-03-16,1.0,9.0,8.0,2117.0,5.0,False,False,False,2126.0,3.0,0.0004725897920605515,-22.0,2135.0,2193.785714285714,9.018499520788668,False,0.625
2025-03-17,5.0,14.0,0.0,2111.0,8.0,False,False,False,2125.0,-8.0,-0.0028341993386867825,-15.0,2131.0,2180.1428571428573,5.03322298399897,False,inf
2025-03-18,19.0,34.0,6.0,2109.0,8.0,False,False,False,2143.0,-2.0,-0.000947418285172863,-4.0,2133.285714285714,2169.1428571428573,6.3695705384775785,False,1.3333333333333333
2025-03-19,6.0,22.0,14.0,2119.0,9.0,False,False,False,2141.0,5.0,0.004741583688952167,7.0,2134.714285714286,2160.785714285714,6.872997563744646,False,0.6428571428571429
2025-03-20,9.0,20.0,11.0,2124.0,7.0,False,False,False,2144.0,4.0,0.0023596035865973697,8.0,2135.8571428571427,2153.5714285714284,7.733661751241335,False,0.6363636363636364
2025-03-21,9.0,20.0,11.0,2124.0,7.0,False,False,False,2144.0,4.0,0.0,9.0,2137.0,2146.3571428571427,8.326664014259679,False,0.6363636363636364
2025-03-22,9.0,20.0,11.0,2124.0,7.0,False,False,False,2144.0,4.0,0.0,10.0,2138.1428571428573,2139.1428571428573,8.706866490448878,False,0.6363636363636364
2025-03-23,15.0,29.0,9.0,2136.0,2.0,False,False,False,2165.0,7.0,0.005649717514124353,14.0,2143.714285714286,2139.3571428571427,11.629191524383623,False,0.2222222222222222
2025-03-24,7.0,13.0,11.0,2139.0,7.0,False,False,False,2152.0,4.0,0.001404494382022392,26.0,2147.5714285714284,2139.285714285714,8.42332364479057,False,0.6363636363636364
2025-03-25,12.0,19.0,7.0,2145.0,6.0,False,False,False,2164.0,1.0,0.0028050490883591017,29.0,2150.5714285714284,2141.9285714285716,10.097147182483598,False,0.8571428571428571
2025-03-26,9.0,21.0,15.0,2159.0,2.0,False,False,False,2180.0,13.0,0.006526806526806483,37.0,2156.1428571428573,2145.4285714285716,13.95741824556382,False,0.13333333333333333
2025-03-27,1.0,19.0,13.0,2159.0,2.0,False,False,False,2178.0,11.0,0.0,44.0,2161.0,2148.4285714285716,14.910846173345137,False,0.15384615384615385
2025-03-28,1.0,19.0,13.0,2159.0,2.0,False,False,False,2178.0,11.0,0.0,51.0,2165.8571428571427,2151.4285714285716,13.957418245546096,False,0.15384615384615385
2025-03-29,1.0,19.0,13.0,2159.0,2.0,False,False,False,2178.0,11.0,0.0,58.0,2170.714285714286,2154.4285714285716,10.594248227666892,False,0.15384615384615385
2025-03-30,9.0,20.0,5.0,2188.0,2.0,False,False,False,2208.0,3.0,0.013432144511347888,54.0,2176.8571428571427,2160.285714285714,17.16030858543039,False,0.4
2025-03-31,9.0,25.0,8.0,2193.0,5.0,False,False,False,2218.0,3.0,0.0022851919561244216,53.0,2186.285714285714,2166.9285714285716,19.232908312974143,False,0.625
2025-04-01,17.0,36.0,7.0,2191.0,12.0,False,False,False,2227.0,-5.0,-0.0009119927040583953,47.0,2195.285714285714,2172.9285714285716,21.654208878986886,False,1.7142857142857142
2025-04-02,5.0,31.0,16.0,2208.0,3.0,False,False,False,2239.0,13.0,0.007759014148790433,47.0,2203.714285714286,2179.9285714285716,25.798671067344024,False,0.1875
2025-04-03,12.0,26.0,18.0,2223.0,8.0,False,False,False,2249.0,10.0,0.006793478260869623,46.0,2213.8571428571427,2187.4285714285716,27.87728210231239,False,0.4444444444444444
2025-04-04,12.0,26.0,18.0,2223.0,8.0,False,False,False,2249.0,10.0,0.0,45.0,2224.0,2194.9285714285716,25.468935331795603,False,0.4444444444444444
2025-04-05,12.0,26.0,18.0,2223.0,8.0,False,False,False,2249.0,10.0,0.0,44.0,2234.1428571428573,2202.4285714285716,16.7374686679573,False,0.4444444444444444
2025-04-06,7.0,14.0,7.0,2234.0,11.0,False,False,False,2248.0,-4.0,0.004948268106162779,37.0,2239.8571428571427,2208.3571428571427,12.65475631573207,False,1.5714285714285714
2025-04-07,12.0,22.0,9.0,2237.0,5.0,False,False,False,2259.0,4.0,0.0013428827215755668,38.0,2245.714285714286,2216.0,10.078265170099192,False,0.5555555555555556
2025-04-08,12.0,34.0,12.0,2243.0,9.0,False,False,False,2277.0,3.0,0.0026821636119802594,46.0,2252.8571428571427,2224.0714285714284,12.116498012072768,False,0.75
2025-04-09,6.0,19.0,10.0,2251.0,5.0,False,False,False,2270.0,5.0,0.003566651805617438,38.0,2257.285714285714,2230.5,11.87033117362666,False,0.5
2025-04-10,18.0,25.0,17.0,2265.0,6.0,False,False,False,2290.0,11.0,0.006219458018658308,39.0,2263.1428571428573,2238.5,16.36488692524434,False,0.35294117647058826
2025-04-11,8.0,22.0,8.0,2267.0,9.0,False,False,False,2289.0,-1.0,0.0008830022075054789,28.0,2268.8571428571427,2246.4285714285716,17.544501248988023,False,1.125
2025-04-12,8.0,22.0,8.0,2267.0,9.0,False,False,False,2289.0,-1.0,0.0,17.0,2274.5714285714284,2254.3571428571427,16.480869148348248,False,1.125
2025-04-13,5.0,26.0,10.0,2283.0,3.0,False,False,False,2309.0,7.0,0.0070577856197617805,28.0,2283.285714285714,2261.5714285714284,16.21433816627273,False,0.3
2025-04-14,5.0,26.0,9.0,2282.0,13.0,False,False,False,2308.0,-4.0,-0.00043802014892679875,20.0,2290.285714285714,2268.0,14.465064656033446,False,1.4444444444444444
2025-04-15,4.0,19.0,12.0,2286.0,7.0,False,False,False,2305.0,5.0,0.0017528483786153348,22.0,2294.285714285714,2273.5714285714284,14.044148087478447,False,0.5833333333333334
2025-04-16,11.0,30.0,5.0,2291.0,8.0,False,False,False,2321.0,-3.0,0.0021872265966753623,14.0,2301.5714285714284,2279.4285714285716,12.48808957434812,False,1.6
2025-04-17,7.0,26.0,10.0,2288.0,14.0,False,False,False,2314.0,-4.0,-0.0013094718463553257,-1.0,2305.0,2284.0714285714284,12.069244671107368,False,1.4
2025-04-18,7.0,26.0,10.0,2288.0,14.0,False,False,False,2314.0,-4.0,0.0,-4.0,2308.5714285714284,2288.714285714286,10.0806273556388,False,1.4
2025-04-19,7.0,26.0,10.0,2288.0,14.0,False,False,False,2314.0,-4.0,0.0,-7.0,2312.1428571428573,2293.3571428571427,5.273473624997975,False,1.4
2025-04-20,4.0,15.0,6.0,2305.0,4.0,False,False,False,2320.0,2.0,0.007430069930070005,-12.0,2313.714285714286,2298.5,5.794085677255241,False,0.6666666666666666
2025-04-21,10.0,25.0,5.0,2308.0,6.0,False,False,False,2333.0,-1.0,0.0013015184381779399,-9.0,2317.285714285714,2303.785714285714,8.673989595443192,False,1.2
2025-04-22,7.0,19.0,14.0,2305.0,17.0,False,False,False,2324.0,-3.0,-0.0012998266897746857,-17.0,2320.0,2307.1428571428573,7.000000018830025,False,1.2142857142857142
2025-04-23,3.0,23.0,4.0,2300.0,11.0,False,False,False,2323.0,-7.0,-0.002169197396963085,-21.0,2320.285714285714,2310.9285714285716,7.087883711073478,False,2.75
2025-04-24,3.0,9.0,7.0,2294.0,13.0,False,False,False,2303.0,-6.0,-0.00260869565217392,-23.0,2318.714285714286,2311.8571428571427,9.516902270965915,False,1.8571428571428572
2025-04-25,3.0,9.0,7.0,2294.0,13.0,False,False,False,2303.0,-6.0,0.0,-25.0,2317.1428571428573,2312.8571428571427,11.186726840618999,False,1.8571428571428572
2025-04-26,3.0,9.0,7.0,2294.0,13.0,False,False,False,2303.0,-6.0,0.0,-27.0,2315.5714285714284,2313.8571428571427,12.407754882178747,False,1.8571428571428572
2025-04-27,9.0,40.0,12.0,2301.0,4.0,False,False,False,2341.0,8.0,0.0030514385353095363,-21.0,2318.5714285714284,2316.1428571428573,15.746503777539786,False,0.3333333333333333
2025-04-28,6.0,26.0,12.0,2307.0,8.0,False,False,False,2333.0,4.0,0.0026075619295957697,-16.0,2318.5714285714284,2317.9285714285716,15.746503777539786,False,0.6666666666666666
2025-04-29,11.0,25.0,11.0,2304.0,15.0,False,False,False,2329.0,-4.0,-0.0013003901170350884,-17.0,2319.285714285714,2319.6428571428573,16.142225027395867,False,1.3636363636363635
2025-04-30,7.0,34.0,9.0,2309.0,12.0,False,False,False,2343.0,-3.0,0.0021701388888888395,-13.0,2322.1428571428573,2321.214285714286,18.506112253515063,False,1.3333333333333333
2025-05-01,13.0,32.0,14.0,2306.0,16.0,False,False,False,2338.0,-2.0,-0.0012992637505413462,-9.0,2327.1428571428573,2322.9285714285716,17.150593500112773,False,1.1428571428571428
2025-05-02,13.0,32.0,14.0,2306.0,16.0,False,False,False,2338.0,-2.0,0.0,-5.0,2332.1428571428573,2324.6428571428573,13.692194518746309,False,1.1428571428571428
2025-05-03,13.0,32.0,14.0,2306.0,16.0,False,False,False,2338.0,-2.0,0.0,-1.0,2337.1428571428573,2326.3571428571427,4.740906109482732,False,1.1428571428571428
2025-05-04,9.0,31.0,10.0,2335.0,5.0,False,False,False,2366.0,5.0,0.012575888985255856,-4.0,2340.714285714286,2329.6428571428573,11.996031100631578,False,0.5
2025-05-05,15.0,44.0,20.0,2331.0,17.0,False,False,False,2375.0,3.0,-0.0017130620985010836,-5.0,2346.714285714286,2332.6428571428573,16.967756544900507,False,0.85
2025-05-06,10.0,33.0,16.0,2339.0,16.0,False,False,False,2372.0,0.0,0.00343200343200345,-1.0,2352.8571428571427,2336.0714285714284,17.26681375948653,False,1.0
2025-05-07,10.0,30.0,15.0,2335.0,10.0,False,False,False,2365.0,5.0,-0.0017101325352715246,7.0,2356.0,2339.0714285714284,17.175564044938184,False,0.6666666666666666
2025-05-08,15.0,24.0,16.0,2361.0,11.0,False,False,False,2385.0,5.0,0.011134903640257043,14.0,2362.714285714286,2344.9285714285716,18.126539350710413,False,0.6875
2025-05-09,15.0,24.0,16.0,2361.0,11.0,False,False,False,2385.0,5.0,0.0,21.0,2369.4285714285716,2350.785714285714,16.029734283931692,False,0.6875
2025-05-10,15.0,24.0,16.0,2361.0,11.0,False,False,False,2385.0,5.0,0.0,28.0,2376.1428571428573,2356.6428571428573,8.952254319643716,False,0.6875
2025-05-11,15.0,20.0,12.0,2385.0,3.0,False,False,False,2405.0,9.0,0.010165184243964509,32.0,2381.714285714286,2361.214285714286,12.867456191177036,False,0.25
2025-05-12,7.0,33.0,14.0,2392.0,7.0,False,False,False,2425.0,7.0,0.002935010482180367,36.0,2388.8571428571427,2367.785714285714,20.268436645917753,False,0.5
2025-05-13,18.0,29.0,12.0,2394.0,11.0,False,False,False,2423.0,1.0,0.0008361204013378476,37.0,2396.1428571428573,2374.5,22.26678072980464,False,0.9166666666666666
2025-05-14,7.0,30.0,14.0,2394.0,11.0,False,False,False,2424.0,3.0,0.0,35.0,2404.5714285714284,2380.285714285714,19.509460471224813,False,0.7857142857142857
2025-05-15,15.0,31.0,14.0,2410.0,14.0,False,False,False,2441.0,0.0,0.006683375104427736,30.0,2412.5714285714284,2387.6428571428573,21.52407290789861,False,1.0
2025-05-16,15.0,31.0,14.0,2410.0,14.0,False,False,False,2441.0,0.0,0.0,25.0,2420.5714285714284,2395.0,19.915296831266545,False,1.0
2025-05-17,15.0,31.0,14.0,2410.0,14.0,False,False,False,2441.0,0.0,0.0,20.0,2428.5714285714284,2402.3571428571427,13.439458615474107,False,1.0
2025-05-18,13.0,28.0,14.0,2437.0,9.0,False,False,False,2465.0,5.0,0.011203319502074649,16.0,2437.1428571428573,2409.4285714285716,14.94912006553366,False,0.6428571428571429
2025-05-19,7.0,27.0,17.0,2457.0,6.0,False,False,False,2484.0,11.0,0.008206811653672652,20.0,2445.5714285714284,2417.214285714286,21.95341388507712,False,0.35294117647058826
2025-05-20,7.0,27.0,17.0,2457.0,6.0,False,False,False,2484.0,11.0,0.0,30.0,2454.285714285714,2425.214285714286,23.549340305581634,False,0.35294117647058826
2025-05-21,14.0,62.0,13.0,2467.0,18.0,False,False,False,2529.0,-5.0,0.0040700040700041296,22.0,2469.285714285714,2436.9285714285716,32.70430290997366,False,1.3846153846153846
2025-05-22,18.0,36.0,17.0,2473.0,15.0,False,False,False,2509.0,2.0,0.002432103769760774,24.0,2479.0,2445.785714285714,33.00000000386938,False,0.8823529411764706
2025-05-23,18.0,36.0,17.0,2473.0,15.0,False,False,False,2509.0,2.0,0.0,26.0,2488.714285714286,2454.6428571428573,29.80332356454508,False,0.8823529411764706
2025-05-24,18.0,36.0,17.0,2473.0,15.0,False,False,False,2509.0,2.0,0.0,28.0,2498.4285714285716,2463.5,21.61679242024772,False,0.8823529411764706
2025-05-25,18.0,36.0,17.0,2473.0,15.0,False,False,False,2509.0,2.0,0.0,25.0,2504.714285714286,2470.9285714285716,15.923926300553612,False,0.8823529411764706
2025-05-26,18.0,36.0,17.0,2473.0,15.0,False,False,False,2509.0,2.0,0.0,16.0,2508.285714285714,2476.9285714285716,13.047532160985057,False,0.8823529411764706
2025-05-27,6.0,24.0,7.0,2504.0,11.0,False,False,False,2528.0,-4.0,0.012535382126971362,1.0,2514.5714285714284,2484.4285714285716,9.519403756147701,False,1.5714285714285714
2025-05-28,12.0,39.0,12.0,2499.0,14.0,False,False,False,2538.0,-2.0,-0.0019968051118210983,4.0,2515.8571428571427,2492.5714285714284,12.061351115427925,False,1.1666666666666667
2025-05-29,13.0,38.0,15.0,2506.0,11.0,False,False,False,2544.0,4.0,0.0028011204481792618,6.0,2520.8571428571427,2499.9285714285716,15.5072947585764,False,0.7333333333333333
2025-05-30,13.0,38.0,15.0,2506.0,11.0,False,False,False,2544.0,4.0,0.0,8.0,2525.8571428571427,2507.285714285714,16.647608158404495,False,0.7333333333333333
2025-05-31,13.0,38.0,15.0,2506.0,11.0,False,False,False,2544.0,4.0,0.0,10.0,2530.8571428571427,2514.6428571428573,15.98362257840339,False,0.7333333333333333
2025-06-01,8.0,24.0,16.0,2528.0,12.0,False,False,False,2552.0,4.0,0.008778930566640142,12.0,2537.0,2520.8571428571427,14.364307626393462,False,0.75
2025-06-02,10.0,19.0,5.0,2518.0,16.0,False,False,False,2537.0,-11.0,-0.003955696202531667,-1.0,2541.0,2524.6428571428573,7.549834451967753,False,3.2
2025-06-03,5.0,23.0,11.0,2519.0,15.0,False,False,False,2542.0,-4.0,0.0003971405877680745,-1.0,2543.0,2528.785714285714,4.932882887860418,False,1.3636363636363635
2025-06-04,4.0,16.0,9.0,2516.0,16.0,False,False,False,2532.0,-7.0,-0.0011909487892021176,-6.0,2542.1428571428573,2529.0,6.283008095510394,False,1.7777777777777777
2025-06-05,8.0,26.0,5.0,2503.0,21.0,False,False,False,2529.0,-16.0,-0.0051669316375199115,-26.0,2540.0,2530.4285714285716,7.895146204188222,False,4.2
2025-06-06,8.0,26.0,5.0,2503.0,21.0,False,False,False,2529.0,-16.0,0.0,-46.0,2537.8571428571427,2531.8571428571427,8.629958906534856,False,4.2
2025-06-07,8.0,26.0,5.0,2503.0,21.0,False,False,False,2529.0,-16.0,0.0,-66.0,2535.714285714286,2533.285714285714,8.71233390987555,False,4.2
2025-06-08,10.0,16.0,15.0,2507.0,13.0,False,False,False,2523.0,2.0,0.0015980823012384793,-68.0,2531.5714285714284,2534.285714285714,6.214422569449149,False,0.8666666666666667
2025-06-09,8.0,21.0,14.0,2516.0,9.0,False,False,False,2537.0,5.0,0.0035899481451935333,-52.0,2531.5714285714284,2536.285714285714,6.214422569449149,False,0.6428571428571429
2025-06-10,17.0,28.0,7.0,2511.0,12.0,False,False,False,2539.0,-5.0,-0.001987281399046137,-53.0,2531.1428571428573,2537.0714285714284,5.429197982100629,False,1.7142857142857142
2025-06-11,17.0,28.0,7.0,2511.0,12.0,False,False,False,2539.0,-5.0,0.0,-51.0,2532.1428571428573,2537.1428571428573,6.202917920526676,False,1.7142857142857142
2025-06-12,17.0,28.0,7.0,2511.0,12.0,False,False,False,2539.0,-5.0,0.0,-40.0,2533.5714285714284,2536.785714285714,6.502746691840102,False,1.7142857142857142
2025-06-13,17.0,28.0,7.0,2511.0,12.0,False,False,False,2539.0,-5.0,0.0,-29.0,2535.0,2536.4285714285716,6.429100526961711,False,1.7142857142857142
2025-06-14,17.0,28.0,7.0,2511.0,12.0,False,False,False,2539.0,-5.0,0.0,-18.0,2536.4285714285716,2536.0714285714284,5.9681695578641145,False,1.7142857142857142
2025-06-15,17.0,28.0,7.0,2511.0,12.0,False,False,False,2539.0,-5.0,0.0,-25.0,2538.714285714286,2535.1428571428573,0.7559291128622355,False,1.7142857142857142
2025-06-16,17.0,28.0,7.0,2511.0,12.0,False,False,False,2539.0,-5.0,0.0,-35.0,2539.0,2535.285714285714,0.0,False,1.7142857142857142
2025-06-17,7.0,24.0,10.0,2523.0,14.0,False,False,False,2547.0,-4.0,0.004778972520907976,-34.0,2540.1428571428573,2535.6428571428573,3.023715825771884,False,1.4
2025-06-18,7.0,24.0,10.0,2523.0,14.0,False,False,False,2547.0,-4.0,0.0,-33.0,2541.285714285714,2536.714285714286,3.9036003240852777,False,1.4
2025-06-19,8.0,19.0,7.0,2501.0,18.0,False,False,False,2520.0,-11.0,-0.008719778042013515,-39.0,2538.5714285714284,2536.0714285714284,9.01585905712634,False,2.5714285714285716
2025-06-20,8.0,19.0,7.0,2501.0,18.0,False,False,False,2520.0,-11.0,0.0,-45.0,2535.8571428571427,2535.4285714285716,11.40801724206526,False,2.5714285714285716
2025-06-21,8.0,19.0,7.0,2501.0,18.0,False,False,False,2520.0,-11.0,0.0,-51.0,2533.1428571428573,2534.785714285714,12.720437259075393,False,2.5714285714285716
2025-06-22,7.0,13.0,5.0,2508.0,7.0,False,False,False,2521.0,-2.0,0.0027988804478209506,-48.0,2530.5714285714284,2534.6428571428573,13.151136118414636,False,1.4
2025-06-23,3.0,15.0,5.0,2495.0,17.0,False,False,False,2510.0,-12.0,-0.0051834130781499566,-55.0,2526.4285714285716,2532.714285714286,14.547131946605765,False,3.4
2025-06-24,5.0,20.0,5.0,2489.0,16.0,False,False,False,2509.0,-11.0,-0.0024048096192385016,-62.0,2521.0,2530.5714285714284,12.543258491577655,False,3.2
2025-06-25,6.0,12.0,2.0,2470.0,24.0,False,False,False,2482.0,-22.0,-0.007633587786259555,-80.0,2511.714285714286,2526.5,14.056010416371134,False,12.0
2025-06-26,3.0,9.0,7.0,2447.0,35.0,False,False,False,2456.0,-28.0,-0.009311740890688314,-97.0,2502.5714285714284,2520.5714285714284,24.616100040554336,False,5.0
2025-06-27,3.0,9.0,7.0,2447.0,35.0,False,False,False,2456.0,-28.0,0.0,-114.0,2493.4285714285716,2514.6428571428573,28.623167444229527,False,5.0
2025-06-28,3.0,9.0,7.0,2447.0,35.0,False,False,False,2456.0,-28.0,0.0,-131.0,2484.285714285714,2508.714285714286,28.940826332822738,False,5.0
2025-06-29,5.0,17.0,7.0,2413.0,20.0,False,False,False,2430.0,-13.0,-0.01389456477319162,-142.0,2471.285714285714,2500.9285714285716,30.114859490966296,False,2.857142857142857
2025-06-30,9.0,22.0,8.0,2407.0,16.0,False,False,False,2429.0,-8.0,-0.002486531288852012,-138.0,2459.714285714286,2493.0714285714284,28.264903363734824,False,2.0
2025-07-01,7.0,14.0,6.0,2391.0,22.0,False,False,False,2405.0,-16.0,-0.006647278770253395,-143.0,2444.8571428571427,2482.9285714285716,25.20865309241068,False,3.6666666666666665
2025-07-02,8.0,20.0,9.0,2373.0,38.0,False,False,False,2393.0,-29.0,-0.007528230865746499,-150.0,2432.1428571428573,2471.9285714285716,25.79036365390909,False,4.222222222222222
2025-07-03,8.0,20.0,9.0,2373.0,38.0,False,False,False,2393.0,-29.0,0.0,-151.0,2423.1428571428573,2462.8571428571427,27.039653426058802,False,4.222222222222222
2025-07-04,8.0,20.0,9.0,2373.0,38.0,False,False,False,2393.0,-29.0,0.0,-152.0,2414.1428571428573,2453.785714285714,24.660552658078693,False,4.222222222222222
2025-07-05,8.0,20.0,9.0,2373.0,38.0,False,False,False,2393.0,-29.0,0.0,-153.0,2405.1428571428573,2444.714285714286,17.208801742200727,False,4.222222222222222
2025-07-06,4.0,17.0,2.0,2332.0,8.0,False,False,False,2349.0,-6.0,-0.017277707543194243,-146.0,2393.5714285714284,2432.4285714285716,23.71256448691014,False,4.0
2025-07-07,3.0,18.0,8.0,2317.0,20.0,False,False,False,2335.0,-12.0,-0.0064322469982847075,-150.0,2380.1428571428573,2419.9285714285716,26.729687441814562,False,2.5
2025-07-08,5.0,16.0,8.0,2306.0,20.0,False,False,False,2322.0,-12.0,-0.004747518342684498,-146.0,2368.285714285714,2406.5714285714284,31.794728527954547,False,2.5
2025-07-09,2.0,18.0,0.0,2281.0,32.0,False,False,False,2299.0,-32.0,-0.010841283607979202,-149.0,2354.8571428571427,2393.5,38.71446143331749,False,inf
2025-07-10,2.0,12.0,3.0,2252.0,39.0,False,False,False,2264.0,-36.0,-0.012713722051731713,-156.0,2336.4285714285716,2379.785714285714,47.28585815247186,False,13.0
2025-07-11,2.0,12.0,3.0,2252.0,39.0,False,False,False,2264.0,-36.0,0.0,-163.0,2318.0,2366.0714285714284,46.697608792431524,False,13.0
2025-07-12,2.0,12.0,3.0,2252.0,39.0,False,False,False,2264.0,-36.0,0.0,-170.0,2299.5714285714284,2352.3571428571427,36.50962039268138,False,13.0
2025-07-13,1.0,13.0,4.0,2204.0,10.0,False,False,False,2217.0,-6.0,-0.02131438721136769,-170.0,2280.714285714286,2337.1428571428573,40.58618109042101,False,2.5
2025-07-14,2.0,9.0,1.0,2181.0,26.0,False,False,False,2190.0,-25.0,-0.010435571687840262,-183.0,2260.0,2320.0714285714284,45.02221674093242,False,26.0
2025-07-15,0.0,8.0,5.0,2171.0,17.0,False,False,False,2179.0,-12.0,-0.004585052728106387,-183.0,2239.5714285714284,2303.9285714285716,44.642495239636894,False,3.4
2025-07-16,1.0,9.0,0.0,2164.0,11.0,False,False,False,2173.0,-11.0,-0.0032243205895901017,-162.0,2221.5714285714284,2288.214285714286,42.011336341777955,False,inf
2025-07-17,3.0,16.0,2.0,2153.0,17.0,False,False,False,2169.0,-15.0,-0.005083179297597051,-141.0,2208.0,2272.214285714286,41.36020632125786,False,8.5
2025-07-18,3.0,16.0,2.0,2153.0,17.0,False,False,False,2169.0,-15.0,0.0,-120.0,2194.4285714285716,2256.214285714286,35.02312161829862,False,8.5
2025-07-19,3.0,16.0,2.0,2153.0,17.0,False,False,False,2169.0,-15.0,0.0,-99.0,2180.8571428571427,2240.214285714286,17.686422025987813,False,8.5
2025-07-20,3.0,16.0,2.0,2153.0,17.0,False,False,False,2169.0,-15.0,0.0,-108.0,2174.0,2227.3571428571427,7.979139486113702,False,8.5
2025-07-21,4.0,18.0,7.0,2121.0,16.0,False,False,False,2139.0,-9.0,-0.014862981885740867,-92.0,2166.714285714286,2213.3571428571427,12.776466472021184,False,2.2857142857142856
2025-07-22,5.0,13.0,3.0,2117.0,16.0,False,False,False,2130.0,-13.0,-0.001885902876001877,-93.0,2159.714285714286,2199.6428571428573,17.480601501218278,False,5.333333333333333
2025-07-23,6.0,21.0,5.0,2111.0,14.0,False,False,False,2132.0,-9.0,-0.0028341993386867825,-91.0,2153.8571428571427,2187.714285714286,19.08252754265385,False,2.8
2025-07-24,6.0,18.0,7.0,2096.0,29.0,False,False,False,2114.0,-22.0,-0.00710563713879675,-98.0,2146.0,2177.0,22.77425447606099,False,4.142857142857143
2025-07-25,6.0,18.0,7.0,2096.0,29.0,False,False,False,2114.0,-22.0,0.0,-105.0,2138.1428571428573,2166.285714285714,23.00310538638227,False,4.142857142857143
2025-07-26,6.0,18.0,7.0,2096.0,29.0,False,False,False,2114.0,-22.0,0.0,-112.0,2130.285714285714,2155.5714285714284,19.888977571660543,False,4.142857142857143
2025-07-27,1.0,12.0,2.0,2088.0,4.0,False,False,False,2100.0,-2.0,-0.003816793893129722,-99.0,2120.4285714285716,2147.214285714286,13.611969532762055,False,2.0
2025-07-28,2.0,9.0,3.0,2080.0,14.0,False,False,False,2089.0,-11.0,-0.003831417624521105,-101.0,2113.285714285714,2140.0,15.261217585116732,False,4.666666666666667
2025-07-29,2.0,8.0,3.0,2072.0,12.0,False,False,False,2080.0,-9.0,-0.0038461538461538325,-97.0,2106.1428571428573,2132.9285714285716,17.64868807453087,False,4.0
2025-07-30,4.0,15.0,4.0,2063.0,16.0,False,False,False,2078.0,-12.0,-0.004343629343629307,-100.0,2098.4285714285716,2126.1428571428573,16.20552522738345,False,4.0
2025-07-31,2.0,9.0,6.0,2058.0,15.0,False,False,False,2067.0,-9.0,-0.002423654871546277,-87.0,2091.714285714286,2118.8571428571427,18.282179725480564,False,2.5
2025-08-01,2.0,9.0,6.0,2058.0,15.0,False,False,False,2067.0,-9.0,0.0,-74.0,2085.0,2111.5714285714284,17.339742412841925,False,2.5
2025-08-02,2.0,9.0,6.0,2058.0,15.0,False,False,False,2067.0,-9.0,0.0,-61.0,2078.285714285714,2104.285714285714,12.724180216507785,False,2.5
2025-08-03,5.0,26.0,3.0,2049.0,5.0,False,False,False,2075.0,-2.0,-0.004373177842565634,-61.0,2074.714285714286,2097.5714285714284,8.380817115036855,False,1.6666666666666667
2025-08-04,5.0,22.0,11.0,2040.0,14.0,False,False,False,2062.0,-3.0,-0.004392386530014614,-53.0,2070.8571428571427,2092.0714285714284,6.768273346085509,False,1.2727272727272727
2025-08-05,2.0,21.0,10.0,2042.0,14.0,False,False,False,2063.0,-4.0,0.0009803921568627416,-48.0,2068.4285714285716,2087.285714285714,5.940177990906757,False,1.4
2025-08-06,4.0,17.0,3.0,2036.0,13.0,False,False,False,2053.0,-10.0,-0.002938295788442735,-46.0,2064.8571428571427,2081.6428571428573,6.69399164084146,False,4.333333333333333
2025-08-07,4.0,18.0,6.0,2031.0,17.0,False,False,False,2049.0,-11.0,-0.0024557956777996326,-48.0,2062.285714285714,2077.0,8.845230099684525,False,2.8333333333333335
2025-08-08,4.0,18.0,6.0,2031.0,17.0,False,False,False,2049.0,-11.0,0.0,-50.0,2059.714285714286,2072.3571428571427,9.810101707755265,False,2.8333333333333335
2025-08-09,4.0,18.0,6.0,2031.0,17.0,False,False,False,2049.0,-11.0,0.0,-52.0,2057.1428571428573,2067.714285714286,9.94029798789086,False,2.8333333333333335
2025-08-10,0.0,18.0,8.0,2006.0,12.0,False,False,False,2024.0,-4.0,-0.01230920728705076,-54.0,2049.8571428571427,2062.285714285714,12.915476146408599,False,1.5
2025-08-11,6.0,23.0,4.0,1999.0,16.0,False,False,False,2022.0,-12.0,-0.0034895314057826754,-63.0,2044.142857142857,2057.5,15.279927707794185,False,4.0
2025-08-12,8.0,38.0,9.0,1999.0,9.0,False,False,False,2037.0,0.0,0.0,-59.0,2040.4285714285713,2054.4285714285716,12.908100088644654,False,1.0
2025-08-13,6.0,22.0,12.0,1997.0,17.0,False,False,False,2019.0,-5.0,-0.0010005002501251026,-54.0,2035.5714285714287,2050.214285714286,13.75811449891984,False,1.4166666666666667
2025-08-14,3.0,27.0,4.0,1994.0,11.0,False,False,False,2021.0,-7.0,-0.001502253380070151,-50.0,2031.5714285714287,2046.9285714285713,13.264704340175236,False,2.75
2025-08-15,3.0,27.0,4.0,1994.0,11.0,False,False,False,2021.0,-7.0,0.0,-46.0,2027.5714285714287,2043.642857142857,11.193110138196907,False,2.75
2025-08-16,3.0,27.0,4.0,1994.0,11.0,False,False,False,2021.0,-7.0,0.0,-42.0,2023.5714285714287,2040.357142857143,6.106202958141452,False,2.75
2025-08-17,4.0,14.0,2.0,1991.0,3.0,False,False,False,2005.0,-1.0,-0.0015045135406218657,-39.0,2020.857142857143,2035.357142857143,9.281317655554082,False,1.5
2025-08-18,4.0,20.0,6.0,1985.0,14.0,False,False,False,2005.0,-8.0,-0.0030135610246107003,-35.0,2018.4285714285713,2031.2857142857142,10.99783529759151,False,2.3333333333333335
2025-08-19,5.0,35.0,3.0,1980.0,11.0,False,False,False,2015.0,-8.0,-0.0025188916876573986,-43.0,2015.2857142857142,2027.857142857143,7.341986256149849,False,3.6666666666666665
2025-08-20,10.0,38.0,10.0,1983.0,10.0,False,False,False,2021.0,0.0,0.0015151515151514694,-38.0,2015.5714285714287,2025.5714285714287,7.546680146468201,False,1.0
2025-08-21,6.0,49.0,8.0,1972.0,21.0,False,False,False,2021.0,-13.0,-0.005547150781644028,-44.0,2015.5714285714287,2023.5714285714287,7.546680146468201,False,2.625
2025-08-22,6.0,49.0,8.0,1972.0,21.0,False,False,False,2021.0,-13.0,0.0,-50.0,2015.5714285714287,2021.5714285714287,7.546680146468201,False,2.625
2025-08-23,6.0,49.0,8.0,1972.0,21.0,False,False,False,2021.0,-13.0,0.0,-56.0,2015.5714285714287,2019.5714285714287,7.546680146468201,False,2.625
2025-08-24,4.0,21.0,5.0,1981.0,5.0,False,False,False,2002.0,0.0,0.004563894523326617,-55.0,2015.142857142857,2018.0,8.29515063698437,False,1.0
2025-08-25,8.0,30.0,8.0,1980.0,11.0,False,False,False,2010.0,-3.0,-0.0005047955577991425,-50.0,2015.857142857143,2017.142857142857,7.448234069690062,False,1.375
2025-08-26,10.0,21.0,20.0,1989.0,15.0,False,False,False,2010.0,5.0,0.00454545454545463,-37.0,2015.142857142857,2015.2142857142858,7.776643926330228,False,0.75
2025-08-27,5.0,19.0,9.0,1988.0,19.0,False,False,False,2007.0,-10.0,-0.0005027652086475598,-47.0,2013.142857142857,2014.357142857143,7.819389837046073,False,2.111111111111111
2025-08-28,8.0,33.0,6.0,1984.0,17.0,False,False,False,2017.0,-11.0,-0.002012072434607659,-45.0,2012.5714285714287,2014.0714285714287,7.276838684020199,False,2.8333333333333335
2025-08-29,8.0,33.0,6.0,1984.0,17.0,False,False,False,2017.0,-11.0,0.0,-43.0,2012.0,2013.7857142857142,6.633249601884559,False,2.8333333333333335
2025-08-30,8.0,33.0,6.0,1984.0,17.0,False,False,False,2017.0,-11.0,0.0,-41.0,2011.4285714285713,2013.5,5.8554004616803015,False,2.8333333333333335
2025-08-31,8.0,33.0,6.0,1984.0,17.0,False,False,False,2017.0,-11.0,0.0,-52.0,2013.5714285714287,2014.357142857143,4.391550360240993,False,2.8333333333333335
2025-09-01,10.0,29.0,17.0,2010.0,5.0,False,False,False,2039.0,12.0,0.013104838709677491,-37.0,2017.7142857142858,2016.7857142857142,10.24230258220102,False,0.29411764705882354
2025-09-02,6.0,35.0,9.0,2020.0,9.0,False,False,False,2055.0,0.0,0.004975124378109541,-42.0,2024.142857142857,2019.642857142857,16.68760590247896,False,1.0
2025-09-03,4.0,29.0,11.0,2019.0,10.0,False,False,False,2048.0,1.0,-0.0004950495049504955,-31.0,2030.0,2021.5714285714287,16.862186501556806,False,0.9090909090909091
2025-09-04,11.0,40.0,2.0,2015.0,14.0,False,False,False,2055.0,-12.0,-0.001981178801386818,-32.0,2035.4285714285713,2024.0,18.054151357293083,False,7.0
2025-09-05,11.0,40.0,2.0,2015.0,14.0,False,False,False,2055.0,-12.0,0.0,-33.0,2040.857142857143,2026.4285714285713,17.286107835163673,False,7.0
2025-09-06,11.0,40.0,2.0,2015.0,14.0,False,False,False,2055.0,-12.0,0.0,-34.0,2046.2857142857142,2028.857142857143,14.244464264543678,False,7.0
2025-09-07,4.0,19.0,9.0,2026.0,7.0,False,False,False,2045.0,2.0,0.0054590570719603715,-21.0,2050.285714285714,2031.9285714285713,6.44759093385422,False,0.7777777777777778
2025-09-08,7.0,25.0,5.0,2025.0,6.0,False,False,False,2050.0,-1.0,-0.000493583415597243,-34.0,2051.8571428571427,2034.7857142857142,4.180453415001494,False,1.2
2025-09-09,18.0,42.0,11.0,2023.0,14.0,False,False,False,2065.0,-3.0,-0.0009876543209876854,-37.0,2053.285714285714,2038.7142857142858,6.499084206011278,False,1.2727272727272727
2025-09-10,10.0,47.0,14.0,2025.0,18.0,False,False,False,2072.0,-4.0,0.000988630746416197,-42.0,2056.714285714286,2043.357142857143,9.068522234445881,False,1.2857142857142858
2025-09-11,12.0,38.0,29.0,2047.0,6.0,False,False,False,2085.0,23.0,0.010864197530864095,-7.0,2061.0,2048.214285714286,13.916417173431451,False,0.20689655172413793
2025-09-12,12.0,38.0,29.0,2047.0,6.0,False,False,False,2085.0,23.0,0.0,28.0,2065.285714285714,2053.0714285714284,16.193767181115454,False,0.20689655172413793
2025-09-13,12.0,38.0,29.0,2047.0,6.0,False,False,False,2085.0,23.0,0.0,63.0,2069.5714285714284,2057.9285714285716,16.969159709019863,False,0.20689655172413793
2025-09-14,7.0,39.0,13.0,2083.0,5.0,False,False,False,2122.0,8.0,0.017586712261846715,69.0,2080.5714285714284,2065.4285714285716,22.456306788137518,False,0.38461538461538464
2025-09-15,9.0,47.0,10.0,2086.0,10.0,False,False,False,2133.0,0.0,0.001440230436869916,70.0,2092.4285714285716,2072.1428571428573,25.34993191106497,False,1.0
2025-09-16,7.0,28.0,17.0,2095.0,12.0,False,False,False,2123.0,5.0,0.00431447746883995,78.0,2100.714285714286,2077.0,24.349635771010725,False,0.7058823529411765
2025-09-17,7.0,38.0,5.0,2096.0,13.0,False,False,False,2134.0,-8.0,0.0004773269689737347,74.0,2109.5714285714284,2083.1428571428573,23.42261829716479,False,2.6
2025-09-18,20.0,52.0,11.0,2096.0,14.0,False,False,False,2148.0,-3.0,0.0,48.0,2118.5714285714284,2089.785714285714,24.487120040833197,False,1.2727272727272727
2025-09-19,20.0,52.0,11.0,2096.0,14.0,False,False,False,2148.0,-3.0,0.0,22.0,2127.5714285714284,2096.4285714285716,21.48532168466813,False,1.2727272727272727
2025-09-20,20.0,52.0,11.0,2096.0,14.0,False,False,False,2148.0,-3.0,0.0,-4.0,2136.5714285714284,2103.0714285714284,11.602544888651217,False,1.2727272727272727
2025-09-21,8.0,35.0,13.0,2134.0,5.0,False,False,False,2169.0,8.0,0.018129770992366456,-4.0,2143.285714285714,2111.9285714285716,14.896468110881296,False,0.38461538461538464
2025-09-22,17.0,40.0,14.0,2141.0,10.0,False,False,False,2181.0,4.0,0.0032802249297094743,0.0,2150.1428571428573,2121.285714285714,19.65899770460195,False,0.7142857142857143
2025-09-23,11.0,36.0,10.0,2145.0,15.0,False,False,False,2181.0,-5.0,0.0018682858477347963,-10.0,2158.4285714285716,2129.5714285714284,18.500965233160077,False,1.5
2025-09-24,3.0,38.0,12.0,2138.0,17.0,False,False,False,2176.0,-5.0,-0.0032634032634032417,-7.0,2164.4285714285716,2137.0,15.883504479750654,False,1.4166666666666667
2025-09-25,6.0,35.0,12.0,2132.0,18.0,False,False,False,2167.0,-6.0,-0.00280636108512633,-10.0,2167.1428571428573,2142.8571428571427,14.135399678888268,False,1.5
2025-09-26,6.0,35.0,12.0,2132.0,18.0,False,False,False,2167.0,-6.0,0.0,-13.0,2169.8571428571427,2148.714285714286,11.408017242934639,False,1.5
2025-09-27,6.0,35.0,12.0,2132.0,18.0,False,False,False,2167.0,-6.0,0.0,-16.0,2172.5714285714284,2154.5714285714284,6.579187986202937,False,1.5
2025-09-28,11.0,29.0,12.0,2146.0,9.0,False,False,False,2175.0,3.0,0.0065666041275798115,-21.0,2173.4285714285716,2158.3571428571427,6.425396062325572,False,0.75
2025-09-29,8.0,35.0,12.0,2148.0,13.0,False,False,False,2183.0,-1.0,0.0009319664492077884,-26.0,2173.714285714286,2161.9285714285716,6.848705145995092,False,1.0833333333333333
2025-09-30,8.0,32.0,12.0,2159.0,7.0,False,False,False,2191.0,5.0,0.005121042830539935,-16.0,2175.1428571428573,2166.785714285714,9.245333457919507,False,0.5833333333333334
2025-10-01,4.0,33.0,12.0,2163.0,14.0,False,False,False,2196.0,-2.0,0.0018527095877720612,-13.0,2178.0,2171.214285714286,12.17921728212048,False,1.1666666666666667
2025-10-02,20.0,51.0,15.0,2164.0,16.0,False,False,False,2215.0,-1.0,0.00046232085067043904,-8.0,2184.8571428571427,2176.0,17.363069738602018,False,1.0666666666666667
2025-10-03,20.0,51.0,15.0,2164.0,16.0,False,False,False,2215.0,-1.0,0.0,-3.0,2191.714285714286,2180.785714285714,18.571611728003617,False,1.0666666666666667
2025-10-04,20.0,51.0,15.0,2164.0,16.0,False,False,False,2215.0,-1.0,0.0,2.0,2198.5714285714284,2185.5714285714284,16.69188569004712,False,1.0666666666666667
2025-10-05,8.0,28.0,13.0,2180.0,16.0,False,False,False,2208.0,-3.0,0.007393715341959428,-4.0,2203.285714285714,2188.3571428571427,13.22515641401021,False,1.2307692307692308
2025-10-06,5.0,33.0,15.0,2187.0,10.0,False,False,False,2220.0,5.0,0.0032110091743118296,2.0,2208.5714285714284,2191.1428571428573,10.967484422404064,False,0.6666666666666666
2025-10-07,11.0,45.0,4.0,2189.0,10.0,False,False,False,2234.0,-6.0,0.0009144947416552807,-9.0,2214.714285714286,2194.9285714285716,11.51396668577021,False,2.5
2025-10-08,8.0,49.0,15.0,2192.0,17.0,False,False,False,2241.0,-2.0,0.0013704888076746524,-9.0,2221.1428571428573,2199.5714285714284,11.880355946354126,False,1.1333333333333333
2025-10-09,11.0,55.0,13.0,2192.0,12.0,False,False,False,2247.0,1.0,0.0,-7.0,2225.714285714286,2205.285714285714,14.896468110720196,False,0.9230769230769231
2025-10-10,11.0,55.0,13.0,2192.0,12.0,False,False,False,2247.0,1.0,0.0,-5.0,2230.285714285714,2211.0,15.934389294021575,False,0.9230769230769231
2025-10-11,11.0,55.0,13.0,2192.0,12.0,False,False,False,2247.0,1.0,0.0,-3.0,2234.8571428571427,2216.714285714286,15.399443412385043,False,0.9230769230769231
2025-10-12,11.0,55.0,13.0,2192.0,12.0,False,False,False,2247.0,1.0,0.0,1.0,2240.4285714285716,2221.8571428571427,10.260882737550924,False,0.9230769230769231
2025-10-13,8.0,24.0,7.0,2223.0,6.0,False,False,False,2247.0,1.0,0.01414233576642343,-3.0,2244.285714285714,2226.4285714285716,5.056820032317679,False,0.8571428571428571
2025-10-14,7.0,30.0,16.0,2235.0,8.0,False,False,False,2265.0,8.0,0.005398110661268607,11.0,2248.714285714286,2231.714285714286,7.521398064121862,False,0.5
2025-10-15,8.0,29.0,10.0,2225.0,15.0,False,False,False,2254.0,-5.0,-0.004474272930648726,8.0,2250.5714285714284,2235.8571428571427,6.876460903193366,False,1.5
2025-10-16,9.0,33.0,15.0,2233.0,9.0,False,False,False,2266.0,6.0,0.0035955056179775013,13.0,2253.285714285714,2239.5,8.731442922298605,False,0.6
2025-10-17,9.0,33.0,15.0,2233.0,9.0,False,False,False,2266.0,6.0,0.0,18.0,2256.0,2243.1428571428573,9.380831533883013,False,0.6
2025-10-18,9.0,33.0,15.0,2233.0,9.0,False,False,False,2266.0,6.0,0.0,23.0,2258.714285714286,2246.785714285714,9.08688223970974,False,0.6
2025-10-19,9.0,34.0,17.0,2237.0,7.0,False,False,False,2271.0,10.0,0.0017913121361397,32.0,2262.1428571428573,2251.285714285714,8.434622541024986,False,0.4117647058823529
2025-10-20,10.0,39.0,6.0,2243.0,7.0,False,False,False,2282.0,-1.0,0.0026821636119802594,30.0,2267.1428571428573,2255.714285714286,8.335237893581022,False,1.1666666666666667
2025-10-21,13.0,39.0,17.0,2251.0,9.0,False,False,False,2290.0,8.0,0.003566651805617438,30.0,2270.714285714286,2259.714285714286,11.870331173599991,False,0.5294117647058824
2025-10-22,12.0,42.0,13.0,2261.0,12.0,False,False,False,2303.0,1.0,0.004442470013327426,36.0,2277.714285714286,2264.1428571428573,14.52256045504743,False,0.9230769230769231
2025-10-23,4.0,27.0,26.0,2266.0,18.0,False,False,False,2293.0,8.0,0.002211410880141429,38.0,2281.5714285714284,2267.4285714285716,14.478226683007689,False,0.6923076923076923
2025-10-24,4.0,27.0,26.0,2266.0,18.0,False,False,False,2293.0,8.0,0.0,40.0,2285.4285714285716,2270.714285714286,13.176458093293459,False,0.6923076923076923
2025-10-25,4.0,27.0,26.0,2266.0,18.0,False,False,False,2293.0,8.0,0.0,42.0,2289.285714285714,2274.0,10.144198448857116,False,0.6923076923076923
2025-10-26,4.0,35.0,12.0,2276.0,10.0,False,False,False,2311.0,2.0,0.0044130626654899086,34.0,2295.0,2278.5714285714284,9.36304795092652,False,0.8333333333333334
2025-10-27,2.0,31.0,8.0,2282.0,11.0,False,False,False,2313.0,-3.0,0.002636203866432263,32.0,2299.4285714285716,2283.285714285714,9.519403756720132,False,1.375
2025-10-28,6.0,22.0,11.0,2286.0,6.0,False,False,False,2308.0,5.0,0.0017528483786153348,29.0,2302.0,2286.3571428571427,8.962886454573894,False,0.5454545454545454
2025-10-29,6.0,25.0,4.0,2280.0,17.0,False,False,False,2305.0,-13.0,-0.002624671916010457,15.0,2302.285714285714,2290.0,9.031690253527406,False,4.25
2025-10-30,3.0,17.0,14.0,2287.0,12.0,False,False,False,2304.0,2.0,0.0030701754385964453,9.0,2303.8571428571427,2292.714285714286,8.050436266045514,False,0.8571428571428571
2025-10-31,3.0,17.0,14.0,2287.0,12.0,False,False,False,2304.0,2.0,0.0,3.0,2305.4285714285716,2295.4285714285716,6.502746692725745,False,0.8571428571428571
2025-11-01,3.0,17.0,14.0,2287.0,12.0,False,False,False,2304.0,2.0,0.0,-3.0,2307.0,2298.1428571428573,3.741657422045159,False,0.8571428571428571
2025-11-02,5.0,21.0,10.0,2277.0,7.0,False,False,False,2298.0,3.0,-0.004372540445999107,-2.0,2305.1428571428573,2300.0714285714284,4.561745726537293,False,0.7
2025-11-03,3.0,28.0,5.0,2269.0,12.0,False,False,False,2297.0,-7.0,-0.003513394817742599,-6.0,2302.8571428571427,2301.1428571428573,3.9339789959256026,False,2.4
2025-11-04,6.0,33.0,6.0,2270.0,8.0,False,False,False,2303.0,-2.0,0.00044072278536799736,-13.0,2302.1428571428573,2302.0714285714284,3.23669441566948,False,1.3333333333333333
2025-11-05,8.0,41.0,8.0,2272.0,7.0,False,False,False,2313.0,1.0,0.0008810572687225626,1.0,2303.285714285714,2302.785714285714,5.219012885811183,False,0.875
2025-11-06,6.0,33.0,9.0,2264.0,19.0,False,False,False,2297.0,-10.0,-0.0035211267605633756,-11.0,2302.285714285714,2303.0714285714284,5.707138410416865,False,2.111111111111111
2025-11-07,6.0,33.0,9.0,2264.0,19.0,False,False,False,2297.0,-10.0,0.0,-23.0,2301.285714285714,2303.3571428571427,5.964178806484154,False,2.111111111111111
2025-11-08,6.0,33.0,9.0,2264.0,19.0,False,False,False,2297.0,-10.0,0.0,-35.0,2300.285714285714,2303.6428571428573,6.019808593505341,False,2.111111111111111
2025-11-09,11.0,33.0,5.0,2294.0,4.0,False,False,False,2327.0,1.0,0.013250883392226243,-37.0,2304.4285714285716,2304.785714285714,11.58817132035147,False,0.8
2025-11-10,11.0,33.0,5.0,2294.0,4.0,False,False,False,2327.0,1.0,0.0,-29.0,2308.714285714286,2305.785714285714,13.732131256118954,False,0.8
2025-11-11,11.0,39.0,12.0,2294.0,14.0,False,False,False,2333.0,-2.0,0.0,-29.0,2313.0,2307.5714285714284,16.12451550477097,False,1.1666666666666667
2025-11-12,14.0,48.0,20.0,2302.0,7.0,False,False,False,2350.0,13.0,0.0034873583260679464,-17.0,2318.285714285714,2310.785714285714,21.3441193033285,False,0.35
2025-11-13,6.0,26.0,16.0,2317.0,5.0,False,False,False,2343.0,11.0,0.006516072980017329,4.0,2324.8571428571427,2313.5714285714284,20.772004976388235,False,0.3125
2025-11-14,6.0,26.0,16.0,2317.0,5.0,False,False,False,2343.0,11.0,0.0,25.0,2331.4285714285716,2316.3571428571427,17.51054105050918,False,0.3125
2025-11-15,6.0,26.0,16.0,2317.0,5.0,False,False,False,2343.0,11.0,0.0,46.0,2338.0,2319.1428571428573,9.000000014562975,False,0.3125
2025-11-16,5.0,22.0,3.0,2340.0,5.0,False,False,False,2362.0,-2.0,0.009926629261976627,43.0,2343.0,2323.714285714286,11.298967516039156,False,1.6666666666666667
2025-11-17,1.0,35.0,6.0,2343.0,8.0,False,False,False,2378.0,-2.0,0.0012820512820512775,40.0,2350.285714285714,2329.5,15.074418579152818,False,1.3333333333333333
2025-11-18,2.0,38.0,8.0,2345.0,12.0,False,False,False,2383.0,-4.0,0.0008536064874093974,38.0,2357.4285714285716,2335.214285714286,17.212951941683514,False,1.5
2025-11-19,7.0,32.0,3.0,2340.0,10.0,False,False,False,2372.0,-7.0,-0.002132196162046962,18.0,2360.5714285714284,2339.4285714285716,17.633841930027273,False,3.3333333333333335
2025-11-20,18.0,57.0,8.0,2340.0,9.0,False,False,False,2397.0,-1.0,0.0,6.0,2368.285714285714,2346.5714285714284,20.279006274924956,False,1.125
2025-11-21,18.0,57.0,8.0,2340.0,9.0,False,False,False,2397.0,-1.0,0.0,-6.0,2376.0,2353.714285714286,19.30457632082508,False,1.125
2025-11-22,18.0,57.0,8.0,2340.0,9.0,False,False,False,2397.0,-1.0,0.0,-18.0,2383.714285714286,2360.8571428571427,13.972762629399083,False,1.125
2025-11-23,3.0,46.0,22.0,2375.0,1.0,False,False,False,2421.0,21.0,0.014957264957264904,5.0,2392.1428571428573,2367.5714285714284,16.293440113589416,False,0.045454545454545456
2025-11-24,9.0,40.0,9.0,2371.0,13.0,False,False,False,2411.0,-4.0,-0.0016842105263158436,3.0,2396.8571428571427,2373.5714285714284,16.293440113580736,False,1.4444444444444444
2025-11-25,6.0,47.0,14.0,2375.0,11.0,False,False,False,2422.0,3.0,0.001687051876845258,10.0,2402.4285714285716,2379.9285714285716,17.395949180121384,False,0.7857142857142857
2025-11-26,6.0,47.0,14.0,2375.0,11.0,False,False,False,2422.0,3.0,0.0,20.0,2409.5714285714284,2385.0714285714284,12.353908202546178,False,0.7857142857142857
2025-11-27,4.0,24.0,8.0,2389.0,7.0,False,False,False,2413.0,1.0,0.005894736842105175,22.0,2411.8571428571427,2390.0714285714284,11.051825975856165,False,0.875
2025-11-28,4.0,24.0,8.0,2389.0,7.0,False,False,False,2413.0,1.0,0.0,24.0,2414.1428571428573,2395.0714285714284,8.914941992733468,False,0.875
2025-11-29,4.0,24.0,8.0,2389.0,7.0,False,False,False,2413.0,1.0,0.0,26.0,2416.4285714285716,2400.0714285714284,4.961758546777583,False,0.875
2025-11-30,4.0,18.0,10.0,2415.0,0.0,False,False,False,2433.0,10.0,0.010883214734198399,15.0,2418.1428571428573,2405.1428571428573,7.967194658947338,False,0.0
2025-12-01,4.0,26.0,4.0,2410.0,9.0,False,False,False,2436.0,-5.0,-0.0020703933747412417,14.0,2421.714285714286,2409.285714285714,9.655987546348882,False,2.25
2025-12-02,7.0,34.0,6.0,2407.0,8.0,False,False,False,2441.0,-2.0,-0.0012448132780082943,9.0,2424.4285714285716,2413.4285714285716,12.108635260673665,False,1.3333333333333333
2025-12-03,4.0,32.0,8.0,2419.0,7.0,False,False,False,2451.0,1.0,0.004985459077690102,7.0,2428.5714285714284,2419.0714285714284,15.597618874124299,False,0.875
2025-12-04,16.0,39.0,7.0,2418.0,13.0,False,False,False,2457.0,-6.0,-0.0004133939644481721,0.0,2434.8571428571427,2423.3571428571427,17.072673801502884,False,1.8571428571428572
2025-12-05,16.0,39.0,7.0,2418.0,13.0,False,False,False,2457.0,-6.0,0.0,-7.0,2441.1428571428573,2427.6428571428573,15.731375996146474,False,1.8571428571428572
2025-12-06,16.0,39.0,7.0,2418.0,13.0,False,False,False,2457.0,-6.0,0.0,-14.0,2447.4285714285716,2431.9285714285716,10.549204450633574,False,1.8571428571428572
2025-12-07,4.0,24.0,13.0,2429.0,12.0,False,False,False,2453.0,1.0,0.00454921422663368,-23.0,2450.285714285714,2434.214285714286,8.499299706062311,False,0.9230769230769231
2025-12-08,9.0,27.0,9.0,2440.0,4.0,False,False,False,2467.0,5.0,0.0045286125977768155,-13.0,2454.714285714286,2438.214285714286,7.867957940905677,False,0.4444444444444444
2025-12-09,4.0,30.0,7.0,2443.0,8.0,False,False,False,2473.0,-1.0,0.0012295081967212962,-12.0,2459.285714285714,2441.8571428571427,7.867957940887467,False,1.1428571428571428
2025-12-10,10.0,54.0,5.0,2439.0,9.0,False,False,False,2493.0,-4.0,-0.0016373311502251298,-17.0,2465.285714285714,2446.9285714285716,14.067862743117713,False,1.8
2025-12-11,7.0,47.0,9.0,2437.0,10.0,False,False,False,2484.0,-1.0,-0.0008200082000819897,-12.0,2469.1428571428573,2452.0,15.082313838744627,False,1.1111111111111112
2025-12-12,7.0,47.0,9.0,2437.0,10.0,False,False,False,2484.0,-1.0,0.0,-7.0,2473.0,2457.0714285714284,14.910846172745865,False,1.1111111111111112
2025-12-13,7.0,47.0,9.0,2437.0,10.0,False,False,False,2484.0,-1.0,0.0,-2.0,2476.8571428571427,2462.1428571428573,13.508374836741323,False,1.1111111111111112
2025-12-14,8.0,35.0,4.0,2462.0,8.0,False,False,False,2497.0,-4.0,0.010258514567090593,-7.0,2483.1428571428573,2466.714285714286,10.447145897142548,False,2.0
2025-12-15,11.0,42.0,9.0,2470.0,7.0,False,False,False,2512.0,2.0,0.0032493907392363575,-10.0,2489.5714285714284,2472.1428571428573,12.501428499921117,False,0.7777777777777778
2025-12-16,8.0,54.0,15.0,2468.0,9.0,False,False,False,2522.0,6.0,-0.0008097165991902688,-3.0,2496.5714285714284,2477.9285714285716,15.120153698674418,False,0.6
2025-12-17,7.0,31.0,11.0,2481.0,10.0,False,False,False,2512.0,1.0,0.005267423014586603,2.0,2499.285714285714,2482.285714285714,16.0490320213946,False,0.9090909090909091
2025-12-18,11.0,50.0,6.0,2472.0,16.0,False,False,False,2522.0,-10.0,-0.0036275695284159193,-7.0,2504.714285714286,2486.9285714285716,16.43892014367363,False,2.6666666666666665
2025-12-19,11.0,50.0,6.0,2472.0,16.0,False,False,False,2522.0,-10.0,0.0,-16.0,2510.1428571428573,2491.5714285714284,14.633620788940302,False,2.6666666666666665
2025-12-20,11.0,50.0,6.0,2472.0,16.0,False,False,False,2522.0,-10.0,0.0,-25.0,2515.5714285714284,2496.214285714286,9.44911183852888,False,2.6666666666666665
2025-12-21,6.0,18.0,11.0,2484.0,14.0,False,False,False,2502.0,-3.0,0.004854368932038833,-24.0,2516.285714285714,2499.714285714286,7.867957940662232,False,1.2727272727272727
